sr_no,state,mp_name,constituency,allocated_amount,house,allocation_vs_mean,allocation_pct_from_mean,state_avg_allocation,allocation_vs_state_avg,allocation_pct_from_state_avg,allocation_zscore,zscore_anomaly,risk_level,anomaly_reason
1,Maharashtra,AASHTIKAR PATIL NAGESH BAPURAO,HINGOLI,190289442.0,Lok Sabha,36819786.41845018,23.99157428152635,152964272.72708333,37325169.272916675,24.401233443257507,1.8092228155361403,False,Low,Allocation within the normal range
2,Jammu And Kashmir,ABDUL RASHID SHEIKH,BARAMULLAH,154773472.1,Lok Sabha,1303816.5184501708,0.8495598126610483,148554694.42000002,6218777.679999977,4.186187251961214,0.06406594991194511,False,Low,Allocation within the normal range
3,Bihar,ABHAY KUMAR SINHA,AURANGABAD_BR,147000000.0,Lok Sabha,-6469655.581549823,-4.215592689664971,149986563.07,-2986563.069999993,-1.9912204192625835,-0.31790104249315654,False,Low,Allocation within the normal range
4,West Bengal,ABHIJIT GANGOPADHYAY,TAMLUK,147000000.0,Lok Sabha,-6469655.581549823,-4.215592689664971,152174601.41190475,-5174601.411904752,-3.4004369743004554,-0.31790104249315654,False,Low,Allocation within the normal range
5,West Bengal,Abu Taher Khan,MURSHIDABAD,147000000.0,Lok Sabha,-6469655.581549823,-4.215592689664971,152174601.41190475,-5174601.411904752,-3.4004369743004554,-0.31790104249315654,False,Low,Allocation within the normal range
6,West Bengal,ADHIKARI SOUMENDU,KANTHI,147000000.0,Lok Sabha,-6469655.581549823,-4.215592689664971,152174601.41190475,-5174601.411904752,-3.4004369743004554,-0.31790104249315654,False,Low,Allocation within the normal range
7,Uttar Pradesh,ADITYA YADAV,BADAUN,147000000.0,Lok Sabha,-6469655.581549823,-4.215592689664971,151396954.685,-4396954.685000002,-2.9042556992962028,-0.31790104249315654,False,Low,Allocation within the normal range
8,Kerala,Adv Adoor Prakash,ATTINGAL,147000000.0,Lok Sabha,-6469655.581549823,-4.215592689664971,155543716.29500002,-8543716.295000017,-5.492807101764391,-0.31790104249315654,False,Low,Allocation within the normal range
9,Kerala,Adv Dean Kuriakose,IDUKKI,147000000.0,Lok Sabha,-6469655.581549823,-4.215592689664971,155543716.29500002,-8543716.295000017,-5.492807101764391,-0.31790104249315654,False,Low,Allocation within the normal range
10,Maharashtra,ADV GOWAAL KAGADA PADAVI,NANDURBAR(ST),147816309.1,Lok Sabha,-5653346.481549829,-3.6836900820082876,152964272.72708333,-5147963.627083331,-3.3654679849772857,-0.27778986337154965,False,Low,Allocation within the normal range
11,Kerala,ADV K FRANCIS GEORGE,KOTTAYAM,188722256.1,Lok Sabha,35252600.51845017,22.970404400052782,155543716.29500002,33178539.804999977,21.330684771652525,1.7322156201590984,False,Low,Allocation within the normal range
12,Uttar Pradesh,AFZAL ANSARI,GHAZIPUR,220500000.0,Lok Sabha,67030344.41845018,43.67661096550254,151396954.685,69103045.315,45.6436164510557,3.293686364088645,True,High,Allocation significantly above the normal range
13,Jammu And Kashmir,AGA SYED RUHULLAH MEHDI,SRINAGAR,147000000.0,Lok Sabha,-6469655.581549823,-4.215592689664971,148554694.42000002,-1554694.4200000167,-1.0465468129903186,-0.31790104249315654,False,Low,Allocation within the normal range
14,Uttarakhand,Ajay Bhatt,NAINITAL UDHAM SINGH NAG.,147000000.0,Lok Sabha,-6469655.581549823,-4.215592689664971,147000000.0,0.0,0.0,-0.31790104249315654,False,Low,Allocation within the normal range
15,Bihar,Ajay Kumar Mandal,BHAGALPUR,147000000.0,Lok Sabha,-6469655.581549823,-4.215592689664971,149986563.07,-2986563.069999993,-1.9912204192625835,-0.31790104249315654,False,Low,Allocation within the normal range
16,Uttarakhand,Ajay Tamta,ALMORA(SC),147000000.0,Lok Sabha,-6469655.581549823,-4.215592689664971,147000000.0,0.0,0.0,-0.31790104249315654,False,Low,Allocation within the normal range
17,Uttar Pradesh,AJENDRA SINGH LODHI,HAMIRPUR_UP,147000000.0,Lok Sabha,-6469655.581549823,-4.215592689664971,151396954.685,-4396954.685000002,-2.9042556992962028,-0.31790104249315654,False,Low,Allocation within the normal range
18,Uttar Pradesh,AKHILESH YADAV,KANNAUJ,147000000.0,Lok Sabha,-6469655.581549823,-4.215592689664971,151396954.685,-4396954.685000002,-2.9042556992962028,-0.31790104249315654,False,Low,Allocation within the normal range
19,Uttar Pradesh,AKSHAYA YADAV,FIROZABAD,147000000.0,Lok Sabha,-6469655.581549823,-4.215592689664971,151396954.685,-4396954.685000002,-2.9042556992962028,-0.31790104249315654,False,Low,Allocation within the normal range
20,Manipur,ALFRED KANNGAM S ARTHUR,OUTER MANIPUR(ST),147000000.0,Lok Sabha,-6469655.581549823,-4.215592689664971,147000000.0,0.0,0.0,-0.31790104249315654,False,Low,Allocation within the normal range
21,Bihar,Alok Kumar Suman,GOPALGANJ (SC),147000000.0,Lok Sabha,-6469655.581549823,-4.215592689664971,149986563.07,-2986563.069999993,-1.9912204192625835,-0.31790104249315654,False,Low,Allocation within the normal range
22,Madhya Pradesh,ALOK SHARMA,BHOPAL,147000000.0,Lok Sabha,-6469655.581549823,-4.215592689664971,152774885.2689655,-5774885.2689655125,-3.7799964691831547,-0.31790104249315654,False,Low,Allocation within the normal range
23,Maharashtra,AMAR SHARADRAO KALE,WARDHA,147000000.0,Lok Sabha,-6469655.581549823,-4.215592689664971,152964272.72708333,-5964272.727083325,-3.8991279602425175,-0.31790104249315654,False,Low,Allocation within the normal range
24,Assam,AMARSING TISSO,Diphu (ST),147000000.0,Lok Sabha,-6469655.581549823,-4.215592689664971,143592868.3642857,3407131.6357142925,2.3727721818820573,-0.31790104249315654,False,Low,Allocation within the normal range
25,Andhra Pradesh,AMBICA G LAKSHMINARAYANA VALMIKI,ANANTAPUR,201899064.1,Lok Sabha,48429408.51845017,31.556341437617956,161915109.28,39983954.81999999,24.694393869602184,2.3796876450808173,False,Medium,Allocation moderately above the normal range
26,Maharashtra,Amol Ramsing Kolhe,SHIRUR,147000000.0,Lok Sabha,-6469655.581549823,-4.215592689664971,152964272.72708333,-5964272.727083325,-3.8991279602425175,-0.31790104249315654,False,Low,Allocation within the normal range
27,Rajasthan,AMRARAM,SIKAR,165691544.1,Lok Sabha,12221888.51845017,7.963716652739716,150702941.792,14988602.307999998,9.945792782656657,0.6005499137126714,False,Low,Allocation within the normal range
28,Punjab,AMRINDER SINGH RAJA WARRING,LUDHIANA,147000000.0,Lok Sabha,-6469655.581549823,-4.215592689664971,148385527.54999998,-1385527.5499999821,-0.9337349624835312,-0.31790104249315654,False,Low,Allocation within the normal range
29,Uttar Pradesh,ANAND BHADAURIYA,DHAURAHRA,147000000.0,Lok Sabha,-6469655.581549823,-4.215592689664971,151396954.685,-4396954.685000002,-2.9042556992962028,-0.31790104249315654,False,Low,Allocation within the normal range
30,Uttar Pradesh,ANAND KUMAR,BAHRAICH(SC),147000000.0,Lok Sabha,-6469655.581549823,-4.215592689664971,151396954.685,-4396954.685000002,-2.9042556992962028,-0.31790104249315654,False,Low,Allocation within the normal range
31,Odisha,ANANTA NAYAK,KEONJHAR(ST),147000000.0,Lok Sabha,-6469655.581549823,-4.215592689664971,156611942.37619048,-9611942.376190484,-6.137426195188915,-0.31790104249315654,False,Low,Allocation within the normal range
32,Tamil Nadu,Andimuthu Raja,NILGIRIS(SC),147000000.0,Lok Sabha,-6469655.581549823,-4.215592689664971,157396760.24871793,-10396760.248717934,-6.605447426166207,-0.31790104249315654,False,Low,Allocation within the normal range
33,Meghalaya,ANDREW J. SYNGKON,SHILLONG,98000000.0,Lok Sabha,-55469655.58154982,-36.143728459776646,122500000.0,-24500000.0,-20.0,-2.7256259802143576,False,Medium,Allocation moderately below the normal range
34,Manipur,ANGOMCHA BIMOL AKOIJAM,INNER MANIPUR,147000000.0,Lok Sabha,-6469655.581549823,-4.215592689664971,147000000.0,0.0,0.0,-0.31790104249315654,False,Low,Allocation within the normal range
35,Uttarakhand,ANIL BALUNI,GARHWAL,147000000.0,Lok Sabha,-6469655.581549823,-4.215592689664971,147000000.0,0.0,0.0,-0.31790104249315654,False,Low,Allocation within the normal range
36,Maharashtra,ANIL YESHWANT DESAI,MUMBAI SOUTH CENTRAL,147000000.0,Lok Sabha,-6469655.581549823,-4.215592689664971,152964272.72708333,-5964272.727083325,-3.8991279602425175,-0.31790104249315654,False,Low,Allocation within the normal range
37,Madhya Pradesh,ANITA NAGARSINGH CHOUHAN,RATLAM(ST),147000000.0,Lok Sabha,-6469655.581549823,-4.215592689664971,152774885.2689655,-5774885.2689655125,-3.7799964691831547,-0.31790104249315654,False,Low,Allocation within the normal range
38,Odisha,ANITA SUBHADARSHINI,ASKA,147000000.0,Lok Sabha,-6469655.581549823,-4.215592689664971,156611942.37619048,-9611942.376190484,-6.137426195188915,-0.31790104249315654,False,Low,Allocation within the normal range
39,Jharkhand,Annpurna Devi,KODARMA,166665931.8,Lok Sabha,13196276.218450189,8.59862242372599,151022598.80714285,15643332.992857158,10.358272944854981,0.6484286395146888,False,Low,Allocation within the normal range
40,Uttar Pradesh,ANOOP PRADHAN BALMIKI,HATHRAS (SC),147000000.0,Lok Sabha,-6469655.581549823,-4.215592689664971,151396954.685,-4396954.685000002,-2.9042556992962028,-0.31790104249315654,False,Low,Allocation within the normal range
41,Kerala,Anto Antony,PATHANAMTHITTA,147000000.0,Lok Sabha,-6469655.581549823,-4.215592689664971,155543716.29500002,-8543716.295000017,-5.492807101764391,-0.31790104249315654,False,Low,Allocation within the normal range
42,Maharashtra,ANUP SANJAY DHOTRE,AKOLA,147000000.0,Lok Sabha,-6469655.581549823,-4.215592689664971,152964272.72708333,-5964272.727083325,-3.8991279602425175,-0.31790104249315654,False,Low,Allocation within the normal range
43,Uttar Pradesh,Anurag Sharma,JHANSI,147000000.0,Lok Sabha,-6469655.581549823,-4.215592689664971,151396954.685,-4396954.685000002,-2.9042556992962028,-0.31790104249315654,False,Low,Allocation within the normal range
44,Himachal Pradesh,Anurag Singh Thakur,HAMIRPUR_HP,149570117.1,Lok Sabha,-3899538.4815498292,-2.5409182465244506,157380760.325,-7810643.224999994,-4.962895851354754,-0.19161257240063245,False,Low,Allocation within the normal range
45,Andhra Pradesh,Appalanaidu Kalisetti,VIZIANAGARAM,147000000.0,Lok Sabha,-6469655.581549823,-4.215592689664971,161915109.28,-14915109.280000001,-9.211684657672857,-0.31790104249315654,False,Low,Allocation within the normal range
46,Bihar,ARUN BHARTI,JAMUI(SC),194924621.1,Lok Sabha,41454965.51845017,27.0118319881301,149986563.07,44938058.03,29.96138928060311,2.0369827402274487,False,Medium,Allocation moderately above the normal range
47,Uttar Pradesh,ARUN GOVIL,MEERUT,147000000.0,Lok Sabha,-6469655.581549823,-4.215592689664971,151396954.685,-4396954.685000002,-2.9042556992962028,-0.31790104249315654,False,Low,Allocation within the normal range
48,Tamil Nadu,ARUN NEHRU,PERAMBALUR,147000000.0,Lok Sabha,-6469655.581549823,-4.215592689664971,157396760.24871793,-10396760.248717934,-6.605447426166207,-0.31790104249315654,False,Low,Allocation within the normal range
49,Telangana,ARUNA. D. K,MAHABUBNAGAR,147000000.0,Lok Sabha,-6469655.581549823,-4.215592689664971,173163189.8352941,-26163189.835294098,-15.108978911845803,-0.31790104249315654,False,Low,Allocation within the normal range
50,West Bengal,ARUP CHAKRABORTY,BANKURA,147000000.0,Lok Sabha,-6469655.581549823,-4.215592689664971,152174601.41190475,-5174601.411904752,-3.4004369743004554,-0.31790104249315654,False,Low,Allocation within the normal range
51,Telangana,Arvind Dharmapuri,NIZAMABAD,281396355.1,Lok Sabha,127926699.5184502,83.35634756831342,173163189.8352941,108233165.26470593,62.50356404710088,6.285965400631414,True,High,Allocation significantly above the normal range
52,Maharashtra,Arvind Ganpat Sawant,MUMBAI SOUTH,147000000.0,Lok Sabha,-6469655.581549823,-4.215592689664971,152964272.72708333,-5964272.727083325,-3.8991279602425175,-0.31790104249315654,False,Low,Allocation within the normal range
53,Telangana,Asaduddin Owaisi,HYDERABAD,147000000.0,Lok Sabha,-6469655.581549823,-4.215592689664971,173163189.8352941,-26163189.835294098,-15.108978911845803,-0.31790104249315654,False,Low,Allocation within the normal range
54,Madhya Pradesh,ASHISH DUBEY,JABALPUR,147000000.0,Lok Sabha,-6469655.581549823,-4.215592689664971,152774885.2689655,-5774885.2689655125,-3.7799964691831547,-0.31790104249315654,False,Low,Allocation within the normal range
55,Uttar Pradesh,Ashok Kumar Rawat,MISRIKH(SC),147000000.0,Lok Sabha,-6469655.581549823,-4.215592689664971,151396954.685,-4396954.685000002,-2.9042556992962028,-0.31790104249315654,False,Low,Allocation within the normal range
56,Bihar,Ashok Kumar Yadav,MADHUBANI,147000000.0,Lok Sabha,-6469655.581549823,-4.215592689664971,149986563.07,-2986563.069999993,-1.9912204192625835,-0.31790104249315654,False,Low,Allocation within the normal range
57,West Bengal,Asit Kumar Mal,BOLPUR(SC),275694456.7,Lok Sabha,122224801.11845016,79.64102131805662,152174601.41190475,123519855.28809524,81.16982344100437,6.005789829814421,True,High,Allocation significantly above the normal range
58,Uttar Pradesh,ATUL GARG,GHAZIABAD,155336470.0,Lok Sabha,1866814.4184501767,1.216406208364884,151396954.685,3939515.3149999976,2.6021100115234446,0.09173011488571413,False,Low,Allocation within the normal range
59,Odisha,AVIMANYU SETHI,BHADRAK(SC),147000000.0,Lok Sabha,-6469655.581549823,-4.215592689664971,156611942.37619048,-9611942.376190484,-6.137426195188915,-0.31790104249315654,False,Low,Allocation within the normal range
60,Uttar Pradesh,AWADHESH PRASAD,FAIZABAD,147000000.0,Lok Sabha,-6469655.581549823,-4.215592689664971,151396954.685,-4396954.685000002,-2.9042556992962028,-0.31790104249315654,False,Low,Allocation within the normal range
61,West Bengal,AZAD KIRTI JHA,BARDHAMAN-DURGAPUR,179658400.0,Lok Sabha,26188744.418450177,17.064444641653704,152174601.41190475,27483798.588095248,18.06070023058734,1.2868427147736614,False,Low,Allocation within the normal range
62,Andhra Pradesh,B K PARTHASARATHI,HINDUPUR,160491894.1,Lok Sabha,7022238.518450171,4.575652751575202,161915109.28,-1423215.1800000072,-0.8789884936178743,0.34505344488773176,False,Low,Allocation within the normal range
63,Uttar Pradesh,BABU SINGH KUSHWAHA,JAUNPUR,147000000.0,Lok Sabha,-6469655.581549823,-4.215592689664971,151396954.685,-4396954.685000002,-2.9042556992962028,-0.31790104249315654,False,Low,Allocation within the normal range
64,Maharashtra,BACHHAV SHOBHA DINESH,DHULE,147000000.0,Lok Sabha,-6469655.581549823,-4.215592689664971,152964272.72708333,-5964272.727083325,-3.8991279602425175,-0.31790104249315654,False,Low,Allocation within the normal range
65,West Bengal,BAG MITALI,ARAMBAG(SC),147000000.0,Lok Sabha,-6469655.581549823,-4.215592689664971,152174601.41190475,-5174601.411904752,-3.4004369743004554,-0.31790104249315654,False,Low,Allocation within the normal range
66,Odisha,BAIJAYANT PANDA,KENDRAPARA,147000000.0,Lok Sabha,-6469655.581549823,-4.215592689664971,156611942.37619048,-9611942.376190484,-6.137426195188915,-0.31790104249315654,False,Low,Allocation within the normal range
67,Maharashtra,BAJRANG MANOHAR SONWANE,BEED,165899107.2,Lok Sabha,12429451.618450165,8.098963649426759,152964272.72708333,12934834.472916663,8.45611477916468,0.6107489923253389,False,Low,Allocation within the normal range
68,Odisha,BALABHADRA MAJHI,NABARANGPUR(ST),147413962.1,Lok Sabha,-6055693.481549829,-3.945857217573535,156611942.37619048,-9197980.27619049,-5.873102738293377,-0.2975600859331275,False,Low,Allocation within the normal range
69,Andhra Pradesh,Balashowry Vallabbhaneni,MACHILIPATNAM,147000000.0,Lok Sabha,-6469655.581549823,-4.215592689664971,161915109.28,-14915109.280000001,-9.211684657672857,-0.31790104249315654,False,Low,Allocation within the normal range
70,Telangana,BALRAM NAIK PORIKA,MAHABUBABAD,147000000.0,Lok Sabha,-6469655.581549823,-4.215592689664971,173163189.8352941,-26163189.835294098,-15.108978911845803,-0.31790104249315654,False,Low,Allocation within the normal range
71,Maharashtra,BALWANT BASWANT WANKHADE,AMRAVATI(SC),198293678.0,Lok Sabha,44824022.41845018,29.20709129671034,152964272.72708333,45329405.272916675,29.63398214810118,2.2025289099158507,False,Medium,Allocation moderately above the normal range
72,Maharashtra,BALYA MAMA SURESH GOPINATH MHATRE,BHIWANDI,147000000.0,Lok Sabha,-6469655.581549823,-4.215592689664971,152964272.72708333,-5964272.727083325,-3.8991279602425175,-0.31790104249315654,False,Low,Allocation within the normal range
73,Delhi,Bansuri Swaraj,NEW DELHI,154306950.0,Lok Sabha,837294.4184501767,0.545576527996611,159598660.2857143,-5291710.2857142985,-3.3156357805516996,0.04114233982688288,False,Low,Allocation within the normal range
74,West Bengal,BAPI HALDAR,MATHURAPUR(SC),147000000.0,Lok Sabha,-6469655.581549823,-4.215592689664971,152174601.41190475,-5174601.411904752,-3.4004369743004554,-0.31790104249315654,False,Low,Allocation within the normal range
75,Karnataka,BASAVARAJ BOMMAI,HAVERI,147000000.0,Lok Sabha,-6469655.581549823,-4.215592689664971,152575121.975,-5575121.974999994,-3.654017708020249,-0.31790104249315654,False,Low,Allocation within the normal range
76,Andhra Pradesh,BASTIPATI NAGARAJU PANCHALINGALA,KURNOOL,159998515.1,Lok Sabha,6528859.518450171,4.254169655695163,161915109.28,-1916594.1800000072,-1.1837031074633302,0.32081016076430424,False,Low,Allocation within the normal range
77,Rajasthan,Bhagirath Chaudhary,AJMER,147000000.0,Lok Sabha,-6469655.581549823,-4.215592689664971,150702941.792,-3702941.7919999957,-2.4571131445534697,-0.31790104249315654,False,Low,Allocation within the normal range
78,Rajasthan,BHAJAN LAL JATAV,KARAULI-DHOLPUR(SC),147000000.0,Lok Sabha,-6469655.581549823,-4.215592689664971,150702941.792,-3702941.7919999957,-2.4571131445534697,-0.31790104249315654,False,Low,Allocation within the normal range
79,Madhya Pradesh,BHARAT SINGH KUSHWAH,GWALIOR,151455276.0,Lok Sabha,-2014379.5815498233,-1.3125588729033366,152774885.2689655,-1319609.2689655125,-0.8637606021711581,-0.09898106025579403,False,Low,Allocation within the normal range
80,Gujarat,BHARATBHAI MANUBHAI SUTARIYA,AMRELI,147000000.0,Lok Sabha,-6469655.581549823,-4.215592689664971,147960286.90384614,-960286.9038461447,-0.6490166543609092,-0.31790104249315654,False,Low,Allocation within the normal range
81,Gujarat,Bharatsinhji Shankarji Dabhi,PATAN,147000000.0,Lok Sabha,-6469655.581549823,-4.215592689664971,147960286.90384614,-960286.9038461447,-0.6490166543609092,-0.31790104249315654,False,Low,Allocation within the normal range
82,Madhya Pradesh,BHARTI PARDHI,BALAGHAT,154398389.0,Lok Sabha,928733.4184501767,0.6051576873166772,152774885.2689655,1623503.7310344875,1.0626771070233516,0.04563540024688877,False,Low,Allocation within the normal range
83,Maharashtra,BHASKAR MURLIDHAR BHAGARE,DINDORI(ST),147000000.0,Lok Sabha,-6469655.581549823,-4.215592689664971,152964272.72708333,-5964272.727083325,-3.8991279602425175,-0.31790104249315654,False,Low,Allocation within the normal range
84,Maharashtra,BHAUSAHEB RAJARAM WAKCHAURE,SHIRDI(SC),147000000.0,Lok Sabha,-6469655.581549823,-4.215592689664971,152964272.72708333,-5964272.727083325,-3.8991279602425175,-0.31790104249315654,False,Low,Allocation within the normal range
85,Chhattisgarh,BHOJRAJ NAG,KANKER(ST),164672734.1,Lok Sabha,11203078.51845017,7.29986555061834,151974517.4090909,12698216.690909088,8.355490714754195,0.550488398533085,False,Low,Allocation within the normal range
86,Uttar Pradesh,Bhola Singh,BULANDSHAHR(SC),147000000.0,Lok Sabha,-6469655.581549823,-4.215592689664971,151396954.685,-4396954.685000002,-2.9042556992962028,-0.31790104249315654,False,Low,Allocation within the normal range
87,Maharashtra,BHUMARE SANDIPANRAO ASARAM,AURANGABAD_MH,147000000.0,Lok Sabha,-6469655.581549823,-4.215592689664971,152964272.72708333,-5964272.727083325,-3.8991279602425175,-0.31790104249315654,False,Low,Allocation within the normal range
88,Andhra Pradesh,Bhupathiraju Srinivasa varma,NARASAPURAM,147000000.0,Lok Sabha,-6469655.581549823,-4.215592689664971,161915109.28,-14915109.280000001,-9.211684657672857,-0.31790104249315654,False,Low,Allocation within the normal range
89,Rajasthan,BHUPENDER YADAV,ALWAR,147000000.0,Lok Sabha,-6469655.581549823,-4.215592689664971,150702941.792,-3702941.7919999957,-2.4571131445534697,-0.31790104249315654,False,Low,Allocation within the normal range
90,Odisha,BIBHU PRASAD TARAI,JAGATSINGHPUR(SC),147000000.0,Lok Sabha,-6469655.581549823,-4.215592689664971,156611942.37619048,-9611942.376190484,-6.137426195188915,-0.31790104249315654,False,Low,Allocation within the normal range
91,Jharkhand,Bidyut Baran Mahato,JAMSHEDPUR,147000000.0,Lok Sabha,-6469655.581549823,-4.215592689664971,151022598.80714285,-4022598.8071428537,-2.6635740868687785,-0.31790104249315654,False,Low,Allocation within the normal range
92,Assam,BIJULI KALITA MEDHI,GUWAHATI,147000000.0,Lok Sabha,-6469655.581549823,-4.215592689664971,143592868.3642857,3407131.6357142925,2.3727721818820573,-0.31790104249315654,False,Low,Allocation within the normal range
93,Tripura,BIPLAB KUMAR DEB,TRIPURA WEST,147000000.0,Lok Sabha,-6469655.581549823,-4.215592689664971,147000000.0,0.0,0.0,-0.31790104249315654,False,Low,Allocation within the normal range
94,Andaman And Nicobar Islands,BISHNU PADA RAY,ANDAMAN AND NICOBAR ISLANDS,147000000.0,Lok Sabha,-6469655.581549823,-4.215592689664971,147000000.0,0.0,0.0,-0.31790104249315654,False,Low,Allocation within the normal range
95,Rajasthan,BRIJENDRA SINGH OLA,JHUNJHUNU,147000000.0,Lok Sabha,-6469655.581549823,-4.215592689664971,150702941.792,-3702941.7919999957,-2.4571131445534697,-0.31790104249315654,False,Low,Allocation within the normal range
96,Chhattisgarh,BRIJMOHAN AGRAWAL,RAIPUR,153766451.1,Lok Sabha,296795.51845017076,0.1933903593681171,151974517.4090909,1791933.6909090877,1.1791014187500204,0.014583713697476918,False,Low,Allocation within the normal range
97,Madhya Pradesh,BUNTY VIVEK SAHU,CHHINDWARA,147000000.0,Lok Sabha,-6469655.581549823,-4.215592689664971,152774885.2689655,-5774885.2689655125,-3.7799964691831547,-0.31790104249315654,False,Low,Allocation within the normal range
98,Gujarat,C R Patil,NAVSARI,158532494.4,Lok Sabha,5062838.818450183,3.2989184730136576,147960286.90384614,10572207.496153861,7.145300754265463,0.24877394446623358,False,Low,Allocation within the normal range
99,Andhra Pradesh,C.M.RAMESH,ANAKAPALLE,202531656.1,Lok Sabha,49062000.51845017,31.968534973599315,161915109.28,40616546.81999999,25.085087488507167,2.410771472301285,False,Medium,Allocation moderately above the normal range
100,Karnataka,CAPTAIN BRIJESH CHOWTA,DAKSHINA KANNADA,147000000.0,Lok Sabha,-6469655.581549823,-4.215592689664971,152575121.975,-5575121.974999994,-3.654017708020249,-0.31790104249315654,False,Low,Allocation within the normal range
101,Goa,CAPTAIN VIRIATO FERNANDES,SOUTH GOA,147000000.0,Lok Sabha,-6469655.581549823,-4.215592689664971,147000000.0,0.0,0.0,-0.31790104249315654,False,Low,Allocation within the normal range
102,Telangana,CHAMALA KIRAN KUMAR REDDY,BHONGIR,147000000.0,Lok Sabha,-6469655.581549823,-4.215592689664971,173163189.8352941,-26163189.835294098,-15.108978911845803,-0.31790104249315654,False,Low,Allocation within the normal range
103,Uttar Pradesh,CHANDAN CHAUHAN,BIJNOR,147000000.0,Lok Sabha,-6469655.581549823,-4.215592689664971,151396954.685,-4396954.685000002,-2.9042556992962028,-0.31790104249315654,False,Low,Allocation within the normal range
104,Rajasthan,Chandra Prakash Joshi,CHITTORGARH,147000000.0,Lok Sabha,-6469655.581549823,-4.215592689664971,150702941.792,-3702941.7919999957,-2.4571131445534697,-0.31790104249315654,False,Low,Allocation within the normal range
105,Uttar Pradesh,CHANDRA SHEKHAR,NAGINA(SC),147000000.0,Lok Sabha,-6469655.581549823,-4.215592689664971,151396954.685,-4396954.685000002,-2.9042556992962028,-0.31790104249315654,False,Low,Allocation within the normal range
106,Gujarat,CHANDUBHAI CHHAGANBHAI SHIHORA,SURENDRANAGAR,147000000.0,Lok Sabha,-6469655.581549823,-4.215592689664971,147960286.90384614,-960286.9038461447,-0.6490166543609092,-0.31790104249315654,False,Low,Allocation within the normal range
107,Punjab,CHARANJIT SINGH CHANNI,JALANDHAR(SC),147000000.0,Lok Sabha,-6469655.581549823,-4.215592689664971,148385527.54999998,-1385527.5499999821,-0.9337349624835312,-0.31790104249315654,False,Low,Allocation within the normal range
108,Maharashtra,CHAVAN VASANTRAO BALWANTRAO,NANDED,,Lok Sabha,,,152964272.72708333,,,,False,Unknown,Allocation amount is missing
109,Uttar Pradesh,CHHATRA PAL SINGH GANGWAR,BAREILLY,147000000.0,Lok Sabha,-6469655.581549823,-4.215592689664971,151396954.685,-4396954.685000002,-2.9042556992962028,-0.31790104249315654,False,Low,Allocation within the normal range
110,Maharashtra,CHHATRAPATI SHAHU SHAHAJI,KOLHAPUR,147000000.0,Lok Sabha,-6469655.581549823,-4.215592689664971,152964272.72708333,-5964272.727083325,-3.8991279602425175,-0.31790104249315654,False,Low,Allocation within the normal range
111,Uttar Pradesh,CHHOTELAL,ROBERTSGANJ(SC),147000000.0,Lok Sabha,-6469655.581549823,-4.215592689664971,151396954.685,-4396954.685000002,-2.9042556992962028,-0.31790104249315654,False,Low,Allocation within the normal range
112,Chhattisgarh,CHINTAMANI MAHARAJ,SARGUJA(ST),147000000.0,Lok Sabha,-6469655.581549823,-4.215592689664971,151974517.4090909,-4974517.409090906,-3.273257578900749,-0.31790104249315654,False,Low,Allocation within the normal range
113,Bihar,CHIRAG PASWAN,HAJIPUR(SC),147000000.0,Lok Sabha,-6469655.581549823,-4.215592689664971,149986563.07,-2986563.069999993,-1.9912204192625835,-0.31790104249315654,False,Low,Allocation within the normal range
114,Tamil Nadu,CN Annadurai,TIRUVANNAMALAI,148579509.1,Lok Sabha,-4890146.481549829,-3.1863930775236096,157396760.24871793,-8817251.14871794,-5.601926707249212,-0.2402883190354513,False,Low,Allocation within the normal range
115,Tamil Nadu,D M Kathir Anand,VELLORE,160196941.1,Lok Sabha,6727285.518450171,4.383462967293534,157396760.24871793,2800180.85128206,1.779058760076905,0.3305602674682281,False,Low,Allocation within the normal range
116,Tamil Nadu,D Ravikumar,VILUPPURAM(SC),197598306.1,Lok Sabha,44128650.51845017,28.753990716426248,157396760.24871793,40201545.85128206,25.541533248686747,2.1683602514542057,False,Medium,Allocation moderately above the normal range
117,Andhra Pradesh,Daggubati Purandeshwari,RAJAHMUNDRY,147000000.0,Lok Sabha,-6469655.581549823,-4.215592689664971,161915109.28,-14915109.280000001,-9.211684657672857,-0.31790104249315654,False,Low,Allocation within the normal range
118,Andhra Pradesh,DAGGUMALLA PRASADA RAO,CHITTOOR,147000000.0,Lok Sabha,-6469655.581549823,-4.215592689664971,161915109.28,-14915109.280000001,-9.211684657672857,-0.31790104249315654,False,Low,Allocation within the normal range
119,Rajasthan,DAMODAR AGARWAL,BHILWARA,147000000.0,Lok Sabha,-6469655.581549823,-4.215592689664971,150702941.792,-3702941.7919999957,-2.4571131445534697,-0.31790104249315654,False,Low,Allocation within the normal range
120,Uttar Pradesh,DAROGA PRASAD SAROJ,LALGANJ (SC),147000000.0,Lok Sabha,-6469655.581549823,-4.215592689664971,151396954.685,-4396954.685000002,-2.9042556992962028,-0.31790104249315654,False,Low,Allocation within the normal range
121,Madhya Pradesh,DARSHAN SINGH CHOUDHARY,HOSHANGABAD,147000000.0,Lok Sabha,-6469655.581549823,-4.215592689664971,152774885.2689655,-5774885.2689655125,-3.7799964691831547,-0.31790104249315654,False,Low,Allocation within the normal range
122,Haryana,DEEPENDER SINGH HOODA,ROHTAK,147000000.0,Lok Sabha,-6469655.581549823,-4.215592689664971,157845426.4,-10845426.400000006,-6.870915836684645,-0.31790104249315654,False,Low,Allocation within the normal range
123,Uttar Pradesh,Devendra Alias Bhole Singh,AKBARPUR,147000000.0,Lok Sabha,-6469655.581549823,-4.215592689664971,151396954.685,-4396954.685000002,-2.9042556992962028,-0.31790104249315654,False,Low,Allocation within the normal range
124,Bihar,DEVESH CHANDRA THAKUR,SITAMARHI,163809205.1,Lok Sabha,10339549.51845017,6.737194710752446,149986563.07,13822642.030000001,9.215920244501408,0.508056963681137,False,Low,Allocation within the normal range
125,Uttar Pradesh,DEVESH SHAKYA,ETAH,147000000.0,Lok Sabha,-6469655.581549823,-4.215592689664971,151396954.685,-4396954.685000002,-2.9042556992962028,-0.31790104249315654,False,Low,Allocation within the normal range
126,Gujarat,Devusinh Jesingbhai Chauhan,KHEDA,147000000.0,Lok Sabha,-6469655.581549823,-4.215592689664971,147960286.90384614,-960286.9038461447,-0.6490166543609092,-0.31790104249315654,False,Low,Allocation within the normal range
127,Maharashtra,Dhairyasheel Sambhajirao Mane,HATKANANGLE,147000000.0,Lok Sabha,-6469655.581549823,-4.215592689664971,152964272.72708333,-5964272.727083325,-3.8991279602425175,-0.31790104249315654,False,Low,Allocation within the normal range
128,Maharashtra,DHANORKAR PRATIBHA SURESH ALIAS BALUBHAU,CHANDRAPUR,147000000.0,Lok Sabha,-6469655.581549823,-4.215592689664971,152964272.72708333,-5964272.727083325,-3.8991279602425175,-0.31790104249315654,False,Low,Allocation within the normal range
129,Odisha,DHARMENDRA PRADHAN,SAMBALPUR,147000000.0,Lok Sabha,-6469655.581549823,-4.215592689664971,156611942.37619048,-9611942.376190484,-6.137426195188915,-0.31790104249315654,False,Low,Allocation within the normal range
130,Uttar Pradesh,DHARMENDRA YADAV,AZAMGARH,147000000.0,Lok Sabha,-6469655.581549823,-4.215592689664971,151396954.685,-4396954.685000002,-2.9042556992962028,-0.31790104249315654,False,Low,Allocation within the normal range
131,Gujarat,DHAVAL LAXMANBHAI PATEL,VALSAD(ST),147000000.0,Lok Sabha,-6469655.581549823,-4.215592689664971,147960286.90384614,-960286.9038461447,-0.6490166543609092,-0.31790104249315654,False,Low,Allocation within the normal range
132,Bihar,Dileshwar Kamait,SUPAUL,150450930.9,Lok Sabha,-3018724.6815498173,-1.9669847241859124,149986563.07,464367.8300000131,0.3096062877201131,-0.14833181012004054,False,Low,Allocation within the normal range
133,Assam,Dilip Saikia,Darrang-Udalguri,147000000.0,Lok Sabha,-6469655.581549823,-4.215592689664971,143592868.3642857,3407131.6357142925,2.3727721818820573,-0.31790104249315654,False,Low,Allocation within the normal range
134,Bihar,Dinesh Chandra Yadav,MADHEPURA,150070866.1,Lok Sabha,-3398789.4815498292,-2.214632898386743,149986563.07,84303.03000000119,0.05620705500175789,-0.1670071467916742,False,Low,Allocation within the normal range
135,Gujarat,DINESHBHAI MAKWANA,AHMEDABAD WEST(SC),160434965.1,Lok Sabha,6965309.518450171,4.538558122161801,147960286.90384614,12474678.19615385,8.431098950396517,0.3422561107452924,False,Low,Allocation within the normal range
136,Andhra Pradesh,DR BYREDDY SHABARI,NANDYAL,150675889.1,Lok Sabha,-2793766.4815498292,-1.8204031741410234,161915109.28,-11239220.180000007,-6.941427659208759,-0.137277984240758,False,Low,Allocation within the normal range
137,Karnataka,DR C N MANJUNATH,BANGALORE RURAL,147000000.0,Lok Sabha,-6469655.581549823,-4.215592689664971,152575121.975,-5575121.974999994,-3.654017708020249,-0.31790104249315654,False,Low,Allocation within the normal range
138,Andhra Pradesh,Dr Chandra Sekhar Pemmasani,GUNTUR,159774113.1,Lok Sabha,6304457.518450171,4.107950522570988,161915109.28,-2140996.180000007,-1.3222954852827107,0.30978366501992644,False,Low,Allocation within the normal range
139,Punjab,DR DHARAMVIRA GANDHI,PATIALA,147000000.0,Lok Sabha,-6469655.581549823,-4.215592689664971,148385527.54999998,-1385527.5499999821,-0.9337349624835312,-0.31790104249315654,False,Low,Allocation within the normal range
140,West Bengal,Dr Jayanta Kumar Roy,JALPAIGURI(SC),147000000.0,Lok Sabha,-6469655.581549823,-4.215592689664971,152174601.41190475,-5174601.411904752,-3.4004369743004554,-0.31790104249315654,False,Low,Allocation within the normal range
141,Maharashtra,DR KALGE SHIVAJI BANDAPPA,LATUR(SC),147000000.0,Lok Sabha,-6469655.581549823,-4.215592689664971,152964272.72708333,-5964272.727083325,-3.8991279602425175,-0.31790104249315654,False,Low,Allocation within the normal range
142,Bihar,Dr Mohammad Jawed,KISHANGANJ,148669229.1,Lok Sabha,-4800426.481549829,-3.1279320093339273,149986563.07,-1317333.9699999988,-0.8783013244894398,-0.23587972553724015,False,Low,Allocation within the normal range
143,Uttar Pradesh,DR RAJKUMAR SANGWAN,BAGHPAT,147000000.0,Lok Sabha,-6469655.581549823,-4.215592689664971,151396954.685,-4396954.685000002,-2.9042556992962028,-0.31790104249315654,False,Low,Allocation within the normal range
144,Tamil Nadu,DR RANI SRI KUMAR,TENKASI(SC),153060922.8,Lok Sabha,-408732.78154981136,-0.26632807638811784,157396760.24871793,-4335837.448717922,-2.7547183575230156,-0.020084002265339445,False,Low,Allocation within the normal range
145,Kerala,Dr Shashi Tharoor,THIRUVANANTHAPURAM,147000000.0,Lok Sabha,-6469655.581549823,-4.215592689664971,155543716.29500002,-8543716.295000017,-5.492807101764391,-0.31790104249315654,False,Low,Allocation within the normal range
146,West Bengal,Dr Sukanta Majumdar,BALURGHAT,157085364.9,Lok Sabha,3615709.3184501827,2.355976694382355,152174601.41190475,4910763.488095254,3.2270585515140247,0.17766598966496802,False,Low,Allocation within the normal range
147,Gujarat,DR. HEMANG JOSHI,VADODARA,147000000.0,Lok Sabha,-6469655.581549823,-4.215592689664971,147960286.90384614,-960286.9038461447,-0.6490166543609092,-0.31790104249315654,False,Low,Allocation within the normal range
148,Maharashtra,DR. HEMANT VISHNU SAVARA,PALGHAR(ST),147000000.0,Lok Sabha,-6469655.581549823,-4.215592689664971,152964272.72708333,-5964272.727083325,-3.8991279602425175,-0.31790104249315654,False,Low,Allocation within the normal range
149,Maharashtra,DR. KIRSAN NAMDEO,GADCHIROLI-CHIMUR(ST),147000000.0,Lok Sabha,-6469655.581549823,-4.215592689664971,152964272.72708333,-5964272.727083325,-3.8991279602425175,-0.31790104249315654,False,Low,Allocation within the normal range
150,Madhya Pradesh,DR. LATA WANKHEDE,SAGAR,147000000.0,Lok Sabha,-6469655.581549823,-4.215592689664971,152774885.2689655,-5774885.2689655125,-3.7799964691831547,-0.31790104249315654,False,Low,Allocation within the normal range
151,Kerala,DR. M.P ABDUSSAMAD SAMADANI,PONNANI,170434031.1,Lok Sabha,16964375.51845017,11.05389560833134,155543716.29500002,14890314.804999977,9.573073833956371,0.8335826528293777,False,Low,Allocation within the normal range
152,Gujarat,DR. MANSUKH MANDAVIYA,PORBANDAR,147000000.0,Lok Sabha,-6469655.581549823,-4.215592689664971,147960286.90384614,-960286.9038461447,-0.6490166543609092,-0.31790104249315654,False,Low,Allocation within the normal range
153,Karnataka,DR. PRABHA MALLIKARJUN,DAVANAGERE,147000000.0,Lok Sabha,-6469655.581549823,-4.215592689664971,152575121.975,-5575121.974999994,-3.654017708020249,-0.31790104249315654,False,Low,Allocation within the normal range
154,Odisha,DR. PRADEEP KUMAR PANIGRAHY,BERHAMPUR,147000000.0,Lok Sabha,-6469655.581549823,-4.215592689664971,156611942.37619048,-9611942.376190484,-6.137426195188915,-0.31790104249315654,False,Low,Allocation within the normal range
155,Maharashtra,DR. PRASHANT YADAORAO PADOLE,BHANDARA-GONDIYA,159680283.4,Lok Sabha,6210627.818450183,4.046811596022652,152964272.72708333,6716010.672916681,4.390574709493956,0.30517313219158215,False,Low,Allocation within the normal range
156,Punjab,DR. RAJ KUMAR CHABBEWAL,HOSHIARPUR(SC),147000000.0,Lok Sabha,-6469655.581549823,-4.215592689664971,148385527.54999998,-1385527.5499999821,-0.9337349624835312,-0.31790104249315654,False,Low,Allocation within the normal range
157,Madhya Pradesh,DR. RAJESH MISHRA,SIDHI,262724510.4,Lok Sabha,109254854.81845018,71.18987424872077,152774885.2689655,109949625.1310345,71.96838992054508,5.3684824186426905,True,High,Allocation significantly above the normal range
158,Uttar Pradesh,DR. S P SINGH,PRATAPGARH,147000000.0,Lok Sabha,-6469655.581549823,-4.215592689664971,151396954.685,-4396954.685000002,-2.9042556992962028,-0.31790104249315654,False,Low,Allocation within the normal range
159,West Bengal,DR. SHARMILA SARKAR,BARDHAMAN PURBA(SC),147000000.0,Lok Sabha,-6469655.581549823,-4.215592689664971,152174601.41190475,-5174601.411904752,-3.4004369743004554,-0.31790104249315654,False,Low,Allocation within the normal range
160,Karnataka,DR.K.SUDHAKAR,CHIKBALLAPUR,147000000.0,Lok Sabha,-6469655.581549823,-4.215592689664971,152575121.975,-5575121.974999994,-3.654017708020249,-0.31790104249315654,False,Low,Allocation within the normal range
161,Telangana,DR.MALLU RAVI,NAGARKURNOOL(SC),147000000.0,Lok Sabha,-6469655.581549823,-4.215592689664971,173163189.8352941,-26163189.835294098,-15.108978911845803,-0.31790104249315654,False,Low,Allocation within the normal range
162,Jharkhand,DULU MAHATO,DHANBAD,147000000.0,Lok Sabha,-6469655.581549823,-4.215592689664971,151022598.80714285,-4022598.8071428537,-2.6635740868687785,-0.31790104249315654,False,Low,Allocation within the normal range
163,Tamil Nadu,DURAI VAIKO,TIRUCHIRAPPALLI,147000000.0,Lok Sabha,-6469655.581549823,-4.215592689664971,157396760.24871793,-10396760.248717934,-6.605447426166207,-0.31790104249315654,False,Low,Allocation within the normal range
164,Madhya Pradesh,Durga Das Uikey,BETUL(ST),151569502.9,Lok Sabha,-1900152.6815498173,-1.2381292408258031,152774885.2689655,-1205382.3689655066,-0.788992488420717,-0.09336826524174097,False,Low,Allocation within the normal range
165,Rajasthan,Dushyant Singh,JHALAWAR-BARAN,147000000.0,Lok Sabha,-6469655.581549823,-4.215592689664971,150702941.792,-3702941.7919999957,-2.4571131445534697,-0.31790104249315654,False,Low,Allocation within the normal range
166,Karnataka,E. TUKARAM,BELLARY(ST),147000000.0,Lok Sabha,-6469655.581549823,-4.215592689664971,152575121.975,-5575121.974999994,-3.654017708020249,-0.31790104249315654,False,Low,Allocation within the normal range
167,Kerala,E.T. MOHAMMED BASHEER,MALAPPURAM,163895872.1,Lok Sabha,10426216.51845017,6.793666460605268,155543716.29500002,8352155.804999977,5.369651699178579,0.512315541174555,False,Low,Allocation within the normal range
168,Telangana,EATALA RAJENDER,MALKAJGIRI,327477390.9,Lok Sabha,174007735.31845015,113.38250200606394,173163189.8352941,154314201.06470588,89.1148986175892,8.55026048331883,True,High,Allocation significantly above the normal range
169,Tamil Nadu,ESWARASAMY K,POLLACHI,162315106.1,Lok Sabha,8845450.51845017,5.763647859201669,157396760.24871793,4918345.85128206,3.1248075522711543,0.4346410571153348,False,Low,Allocation within the normal range
170,Madhya Pradesh,Faggan Singh Kulaste,MANDLA(ST),151861648.4,Lok Sabha,-1608007.1815498173,-1.0477688084048404,152774885.2689655,-913236.8689655066,-0.5977663588866202,-0.07901304063371996,False,Low,Allocation within the normal range
171,Karnataka,G. KUMAR NAIK,RAICHUR(ST),147000000.0,Lok Sabha,-6469655.581549823,-4.215592689664971,152575121.975,-5575121.974999994,-3.654017708020249,-0.31790104249315654,False,Low,Allocation within the normal range
172,Maharashtra,GAIKWAD VARSHA EKNATH,MUMBAI NORTH-CENTRAL,147000000.0,Lok Sabha,-6469655.581549823,-4.215592689664971,152964272.72708333,-5964272.727083325,-3.8991279602425175,-0.31790104249315654,False,Low,Allocation within the normal range
173,Madhya Pradesh,Gajendra Singh Patel,KHARGONE(ST),147000000.0,Lok Sabha,-6469655.581549823,-4.215592689664971,152774885.2689655,-5774885.2689655125,-3.7799964691831547,-0.31790104249315654,False,Low,Allocation within the normal range
174,Rajasthan,Gajendra Singh Shekhawat,JODHPUR,147000000.0,Lok Sabha,-6469655.581549823,-4.215592689664971,150702941.792,-3702941.7919999957,-2.4571131445534697,-0.31790104249315654,False,Low,Allocation within the normal range
175,Tamil Nadu,GANAPATHY RAJKUMAR P,COIMBATORE,147370490.1,Lok Sabha,-6099165.481549829,-3.974183338353092,157396760.24871793,-10026270.14871794,-6.370061323291823,-0.2996961801880788,False,Low,Allocation within the normal range
176,Tamil Nadu,Ganesan Selvam,KANCHEEPURAM(SC),186508749.1,Lok Sabha,33039093.51845017,21.5280951750713,157396760.24871793,29111988.85128206,18.495926348979086,1.6234499874301098,False,Low,Allocation within the normal range
177,Madhya Pradesh,Ganesh Singh,SATNA,147000000.0,Lok Sabha,-6469655.581549823,-4.215592689664971,152774885.2689655,-5774885.2689655125,-3.7799964691831547,-0.31790104249315654,False,Low,Allocation within the normal range
178,Assam,GAURAV GOGOI,JORHAT,147000000.0,Lok Sabha,-6469655.581549823,-4.215592689664971,143592868.3642857,3407131.6357142925,2.3727721818820573,-0.31790104249315654,False,Low,Allocation within the normal range
179,Gujarat,GENIBEN NAGAJI THAKOR,BANASKANTHA,147000000.0,Lok Sabha,-6469655.581549823,-4.215592689664971,147960286.90384614,-960286.9038461447,-0.6490166543609092,-0.31790104249315654,False,Low,Allocation within the normal range
180,Bihar,Giridhari Yadav,BANKA,147000000.0,Lok Sabha,-6469655.581549823,-4.215592689664971,149986563.07,-2986563.069999993,-1.9912204192625835,-0.31790104249315654,False,Low,Allocation within the normal range
181,Bihar,Giriraj Singh,BEGUSARAI,147000000.0,Lok Sabha,-6469655.581549823,-4.215592689664971,149986563.07,-2986563.069999993,-1.9912204192625835,-0.31790104249315654,False,Low,Allocation within the normal range
182,Andhra Pradesh,GM Harish Balayogi,AMALAPURAM(SC),147000000.0,Lok Sabha,-6469655.581549823,-4.215592689664971,161915109.28,-14915109.280000001,-9.211684657672857,-0.31790104249315654,False,Low,Allocation within the normal range
183,Telangana,GODAM NAGESH,ADILABAD(ST),147000000.0,Lok Sabha,-6469655.581549823,-4.215592689664971,173163189.8352941,-26163189.835294098,-15.108978911845803,-0.31790104249315654,False,Low,Allocation within the normal range
184,Tamil Nadu,GOPINATH K,KRISHNAGIRI,147000000.0,Lok Sabha,-6469655.581549823,-4.215592689664971,157396760.24871793,-10396760.248717934,-6.605447426166207,-0.31790104249315654,False,Low,Allocation within the normal range
185,Karnataka,GOVIND MAKTHAPPA KARJOL,CHITRADURGA(SC),147000000.0,Lok Sabha,-6469655.581549823,-4.215592689664971,152575121.975,-5575121.974999994,-3.654017708020249,-0.31790104249315654,False,Low,Allocation within the normal range
186,Andhra Pradesh,Gumma Thanuja Rani,ARAKU(ST),149458905.1,Lok Sabha,-4010750.4815498292,-2.613383386019668,161915109.28,-12456204.180000007,-7.693046211307851,-0.19707722353887427,False,Low,Allocation within the normal range
187,Punjab,GURMEET SINGH MEET HAYER,SANGRUR,147000000.0,Lok Sabha,-6469655.581549823,-4.215592689664971,148385527.54999998,-1385527.5499999821,-0.9337349624835312,-0.31790104249315654,False,Low,Allocation within the normal range
188,Madhya Pradesh,Gyaneshwar Patil,KHANDWA,155690684.8,Lok Sabha,2221029.2184501886,1.447210661960462,152774885.2689655,2915799.5310344994,1.9085594637502967,0.10913525380959078,False,Low,Allocation within the normal range
189,Karnataka,H.D. KUMARASWAMY,MANDYA,147000000.0,Lok Sabha,-6469655.581549823,-4.215592689664971,152575121.975,-5575121.974999994,-3.654017708020249,-0.31790104249315654,False,Low,Allocation within the normal range
190,Uttar Pradesh,HARENDRA SINGH MALIK,MUZAFFARNAGAR,147000000.0,Lok Sabha,-6469655.581549823,-4.215592689664971,151396954.685,-4396954.685000002,-2.9042556992962028,-0.31790104249315654,False,Low,Allocation within the normal range
191,Gujarat,HARIBHAI PATEL,MAHESANA,147000000.0,Lok Sabha,-6469655.581549823,-4.215592689664971,147960286.90384614,-960286.9038461447,-0.6490166543609092,-0.31790104249315654,False,Low,Allocation within the normal range
192,Rajasthan,HARISH CHANDRA MEENA,TONK-SAWAI MADHOPUR,147000000.0,Lok Sabha,-6469655.581549823,-4.215592689664971,150702941.792,-3702941.7919999957,-2.4571131445534697,-0.31790104249315654,False,Low,Allocation within the normal range
193,Delhi,Harsh Malhotra,EAST DELHI,147134131.0,Lok Sabha,-6335524.581549823,-4.128193653359239,159598660.2857143,-12464529.285714298,-7.809921000214061,-0.3113102148682283,False,Low,Allocation within the normal range
194,Gujarat,Hasmukh Bhai Soma Bhai Patel,AHMEDABAD EAST,147000000.0,Lok Sabha,-6469655.581549823,-4.215592689664971,147960286.90384614,-960286.9038461447,-0.6490166543609092,-0.31790104249315654,False,Low,Allocation within the normal range
195,Uttar Pradesh,IMRAN MASOOD,SAHARANPUR,147000000.0,Lok Sabha,-6469655.581549823,-4.215592689664971,151396954.685,-4396954.685000002,-2.9042556992962028,-0.31790104249315654,False,Low,Allocation within the normal range
196,Sikkim,Indra Hang Subba,SIKKIM,152003923.1,Lok Sabha,-1465732.4815498292,-0.9550633810935847,152003923.1,0.0,0.0,-0.07202205403786743,False,Low,Allocation within the normal range
197,Uttar Pradesh,IQRA CHOUDHARY,KAIRANA,147000000.0,Lok Sabha,-6469655.581549823,-4.215592689664971,151396954.685,-4396954.685000002,-2.9042556992962028,-0.31790104249315654,False,Low,Allocation within the normal range
198,West Bengal,ISHA KHAN CHOUDHURY,MALDAHA DAKSHIN,147000000.0,Lok Sabha,-6469655.581549823,-4.215592689664971,152174601.41190475,-5174601.411904752,-3.4004369743004554,-0.31790104249315654,False,Low,Allocation within the normal range
199,West Bengal,JAGADISH CHANDRA BARMA BASUNIA,COOCHBEHAR(SC),168604641.1,Lok Sabha,15134985.51845017,9.86187494921941,152174601.41190475,16430039.688095242,10.796834383434701,0.7436914707106473,False,Low,Allocation within the normal range
200,Karnataka,JAGADISH SHETTAR,BELGAUM,147000000.0,Lok Sabha,-6469655.581549823,-4.215592689664971,152575121.975,-5575121.974999994,-3.654017708020249,-0.31790104249315654,False,Low,Allocation within the normal range
201,West Bengal,Jagannath Sarkar,RANAGHAT(SC),147000000.0,Lok Sabha,-6469655.581549823,-4.215592689664971,152174601.41190475,-5174601.411904752,-3.4004369743004554,-0.31790104249315654,False,Low,Allocation within the normal range
202,Uttar Pradesh,Jagdambika Pal,DOMARIYAGANJ,160643957.1,Lok Sabha,7174301.518450171,4.67473618238358,151396954.685,9247002.414999992,6.1077862723457805,0.3525254015653787,False,Low,Allocation within the normal range
203,Haryana,JAI PARKASH,HISAR,147000000.0,Lok Sabha,-6469655.581549823,-4.215592689664971,157845426.4,-10845426.400000006,-6.870915836684645,-0.31790104249315654,False,Low,Allocation within the normal range
204,Uttar Pradesh,Jai Prakash,HARDOI (SC),147000000.0,Lok Sabha,-6469655.581549823,-4.215592689664971,151396954.685,-4396954.685000002,-2.9042556992962028,-0.31790104249315654,False,Low,Allocation within the normal range
205,Madhya Pradesh,Janardan Mishra,REWA,147000000.0,Lok Sabha,-6469655.581549823,-4.215592689664971,152774885.2689655,-5774885.2689655125,-3.7799964691831547,-0.31790104249315654,False,Low,Allocation within the normal range
206,Gujarat,JASHUBHAI BHILUBHAI RATHVA,CHHOTA UDAIPUR(ST),147000000.0,Lok Sabha,-6469655.581549823,-4.215592689664971,147960286.90384614,-960286.9038461447,-0.6490166543609092,-0.31790104249315654,False,Low,Allocation within the normal range
207,Gujarat,Jaswantsinh Sumanbhai Bhabhor,DAHOD(ST),147000000.0,Lok Sabha,-6469655.581549823,-4.215592689664971,147960286.90384614,-960286.9038461447,-0.6490166543609092,-0.31790104249315654,False,Low,Allocation within the normal range
208,Bihar,JITAN RAM MANJHI,GAYA (SC),147000000.0,Lok Sabha,-6469655.581549823,-4.215592689664971,149986563.07,-2986563.069999993,-1.9912204192625835,-0.31790104249315654,False,Low,Allocation within the normal range
209,Uttar Pradesh,JITENDRA KUMAR DOHARE,ETAWAH(SC),188747306.3,Lok Sabha,35277650.71845019,22.986726975290924,151396954.685,37350351.61500001,24.670477482662722,1.7334465179394034,False,Low,Allocation within the normal range
210,Jammu And Kashmir,Jitendra Singh,UDHAMPUR,147000000.0,Lok Sabha,-6469655.581549823,-4.215592689664971,148554694.42000002,-1554694.4200000167,-1.0465468129903186,-0.31790104249315654,False,Low,Allocation within the normal range
211,Uttar Pradesh,JITIN PRASADA,PILIBHIT,147000000.0,Lok Sabha,-6469655.581549823,-4.215592689664971,151396954.685,-4396954.685000002,-2.9042556992962028,-0.31790104249315654,False,Low,Allocation within the normal range
212,Jharkhand,JOBA MAJHI,SINGHBHUM(ST),147000000.0,Lok Sabha,-6469655.581549823,-4.215592689664971,151022598.80714285,-4022598.8071428537,-2.6635740868687785,-0.31790104249315654,False,Low,Allocation within the normal range
213,Assam,JOYANTA BASUMATARY,KOKRAJHAR (ST),147000000.0,Lok Sabha,-6469655.581549823,-4.215592689664971,143592868.3642857,3407131.6357142925,2.3727721818820573,-0.31790104249315654,False,Low,Allocation within the normal range
214,West Bengal,JUNE MALIAH,MEDINIPUR,147000000.0,Lok Sabha,-6469655.581549823,-4.215592689664971,152174601.41190475,-5174601.411904752,-3.4004369743004554,-0.31790104249315654,False,Low,Allocation within the normal range
215,Madhya Pradesh,JYOTIRADITYA M. SCINDIA,GUNA,147000000.0,Lok Sabha,-6469655.581549823,-4.215592689664971,152774885.2689655,-5774885.2689655125,-3.7799964691831547,-0.31790104249315654,False,Low,Allocation within the normal range
216,Chhattisgarh,Jyotsna Charandas Mahant,KORBA,155153738.1,Lok Sabha,1684082.5184501708,1.0973390876969114,151974517.4090909,3179220.6909090877,2.0919432712203574,0.08275117299699594,False,Low,Allocation within the normal range
217,Tamil Nadu,K E PRAKASH,ERODE,147000000.0,Lok Sabha,-6469655.581549823,-4.215592689664971,157396760.24871793,-10396760.248717934,-6.605447426166207,-0.31790104249315654,False,Low,Allocation within the normal range
218,Kerala,K RADHAKRISHNAN,ALATHUR(SC),147000000.0,Lok Sabha,-6469655.581549823,-4.215592689664971,155543716.29500002,-8543716.295000017,-5.492807101764391,-0.31790104249315654,False,Low,Allocation within the normal range
219,Tamil Nadu,K Subbarayan,TIRUPPUR,147000000.0,Lok Sabha,-6469655.581549823,-4.215592689664971,157396760.24871793,-10396760.248717934,-6.605447426166207,-0.31790104249315654,False,Low,Allocation within the normal range
220,Kerala,K. C VENUGOPAL,ALAPPUZHA,147000000.0,Lok Sabha,-6469655.581549823,-4.215592689664971,155543716.29500002,-8543716.295000017,-5.492807101764391,-0.31790104249315654,False,Low,Allocation within the normal range
221,Karnataka,K. RAJASHEKAR BASAVARAJ HITNAL,KOPPAL,147000000.0,Lok Sabha,-6469655.581549823,-4.215592689664971,152575121.975,-5575121.974999994,-3.654017708020249,-0.31790104249315654,False,Low,Allocation within the normal range
222,Telangana,KADIYAM KAVYA,WARANGEL(SC),147000000.0,Lok Sabha,-6469655.581549823,-4.215592689664971,173163189.8352941,-26163189.835294098,-15.108978911845803,-0.31790104249315654,False,Low,Allocation within the normal range
223,West Bengal,Kakoli Ghosh Dastidar,BARASAT,147000000.0,Lok Sabha,-6469655.581549823,-4.215592689664971,152174601.41190475,-5174601.411904752,-3.4004369743004554,-0.31790104249315654,False,Low,Allocation within the normal range
224,The Dadra And Nagar Haveli And Daman And Diu,Kalaben Mohanbhai Delkar,DADRA & NAGAR HAVELI (ST),147000000.0,Lok Sabha,-6469655.581549823,-4.215592689664971,196031978.5,-49031978.5,-25.012234674762517,-0.31790104249315654,False,Low,Allocation within the normal range
225,Tamil Nadu,Kalanidhi Veeraswamy,CHENNAI NORTH,171500000.0,Lok Sabha,18030344.418450177,11.748475195390867,157396760.24871793,14103239.751282066,8.960311336139426,0.885961426367444,False,Low,Allocation within the normal range
226,Jharkhand,KALI CHARAN MUNDA,KHUNTI(ST),147000000.0,Lok Sabha,-6469655.581549823,-4.215592689664971,151022598.80714285,-4022598.8071428537,-2.6635740868687785,-0.31790104249315654,False,Low,Allocation within the normal range
227,Jharkhand,KALI CHARAN SINGH,CHATRA,147000000.0,Lok Sabha,-6469655.581549823,-4.215592689664971,151022598.80714285,-4022598.8071428537,-2.6635740868687785,-0.31790104249315654,False,Low,Allocation within the normal range
228,West Bengal,KALIPADA SAREN,JHARGRAM(ST),147000000.0,Lok Sabha,-6469655.581549823,-4.215592689664971,152174601.41190475,-5174601.411904752,-3.4004369743004554,-0.31790104249315654,False,Low,Allocation within the normal range
229,West Bengal,Kalyan Banerjee,SREERAMPUR,147000000.0,Lok Sabha,-6469655.581549823,-4.215592689664971,152174601.41190475,-5174601.411904752,-3.4004369743004554,-0.31790104249315654,False,Low,Allocation within the normal range
230,Maharashtra,KALYAN VAIJINATHRAO KALE,JALNA,147000000.0,Lok Sabha,-6469655.581549823,-4.215592689664971,152964272.72708333,-5964272.727083325,-3.8991279602425175,-0.31790104249315654,False,Low,Allocation within the normal range
231,Assam,KAMAKHYA PRASAD TASA,Kaziranga,147000000.0,Lok Sabha,-6469655.581549823,-4.215592689664971,143592868.3642857,3407131.6357142925,2.3727721818820573,-0.31790104249315654,False,Low,Allocation within the normal range
232,Delhi,Kamaljeet Sehrawat,WEST DELHI,147000000.0,Lok Sabha,-6469655.581549823,-4.215592689664971,159598660.2857143,-12598660.285714298,-7.893963685635027,-0.31790104249315654,False,Low,Allocation within the normal range
233,Chhattisgarh,KAMLESH JANGDE,JANJGIR CHAMPA(SC),150384382.1,Lok Sabha,-3085273.4815498292,-2.010347563405063,151974517.4090909,-1590135.3090909123,-1.0463170643342294,-0.15160183471872318,False,Low,Allocation within the normal range
234,Uttar Pradesh,Kamlesh Paswan,BANSGAON(SC),147000000.0,Lok Sabha,-6469655.581549823,-4.215592689664971,151396954.685,-4396954.685000002,-2.9042556992962028,-0.31790104249315654,False,Low,Allocation within the normal range
235,Himachal Pradesh,Kangana Ranaut,MANDI,147000000.0,Lok Sabha,-6469655.581549823,-4.215592689664971,157380760.325,-10380760.324999988,-6.5959525824904786,-0.31790104249315654,False,Low,Allocation within the normal range
236,Tamil Nadu,Kani K Navas,RAMANATHAPURAM,147000000.0,Lok Sabha,-6469655.581549823,-4.215592689664971,157396760.24871793,-10396760.248717934,-6.605447426166207,-0.31790104249315654,False,Low,Allocation within the normal range
237,Tamil Nadu,Kanimozhi Karunanidhi,THOOTHUKKUDI,147000000.0,Lok Sabha,-6469655.581549823,-4.215592689664971,157396760.24871793,-10396760.248717934,-6.605447426166207,-0.31790104249315654,False,Low,Allocation within the normal range
238,Uttar Pradesh,KANWAR SINGH TANWAR,AMROHA,147000000.0,Lok Sabha,-6469655.581549823,-4.215592689664971,151396954.685,-4396954.685000002,-2.9042556992962028,-0.31790104249315654,False,Low,Allocation within the normal range
239,Uttar Pradesh,KARAN BHUSHAN SINGH,KAISERGANJ,147000000.0,Lok Sabha,-6469655.581549823,-4.215592689664971,151396954.685,-4396954.685000002,-2.9042556992962028,-0.31790104249315654,False,Low,Allocation within the normal range
240,West Bengal,KARTICK CHANDRA PAUL,RAIGANJ,202677986.6,Lok Sabha,49208331.01845017,32.063883138319895,152174601.41190475,50503385.18809524,33.187788710806714,2.4179617497298405,False,Medium,Allocation moderately above the normal range
241,Bihar,Kaushalendra Kumar,NALANDA,147000000.0,Lok Sabha,-6469655.581549823,-4.215592689664971,149986563.07,-2986563.069999993,-1.9912204192625835,-0.31790104249315654,False,Low,Allocation within the normal range
242,West Bengal,Khagen Murmu,MALDAHA UTTAR,147000000.0,Lok Sabha,-6469655.581549823,-4.215592689664971,152174601.41190475,-5174601.411904752,-3.4004369743004554,-0.31790104249315654,False,Low,Allocation within the normal range
243,West Bengal,Khalilur Rahaman,JANGIPUR,147000000.0,Lok Sabha,-6469655.581549823,-4.215592689664971,152174601.41190475,-5174601.411904752,-3.4004369743004554,-0.31790104249315654,False,Low,Allocation within the normal range
244,Andhra Pradesh,Kinjarapu Ram Mohan Naidu,SRIKAKULAM,171200630.1,Lok Sabha,17730974.51845017,11.553407382887093,161915109.28,9285520.819999993,5.734808111046962,0.8712512146565641,False,Low,Allocation within the normal range
245,Arunachal Pradesh,Kiren Rijiju,ARUNACHAL WEST,147000000.0,Lok Sabha,-6469655.581549823,-4.215592689664971,147000000.0,0.0,0.0,-0.31790104249315654,False,Low,Allocation within the normal range
246,Uttar Pradesh,Kirti Vardhan Singh,GONDA,147000000.0,Lok Sabha,-6469655.581549823,-4.215592689664971,151396954.685,-4396954.685000002,-2.9042556992962028,-0.31790104249315654,False,Low,Allocation within the normal range
247,Telangana,Kishan Reddy Gangapuram,SECUNDERABAD,147000000.0,Lok Sabha,-6469655.581549823,-4.215592689664971,173163189.8352941,-26163189.835294098,-15.108978911845803,-0.31790104249315654,False,Low,Allocation within the normal range
248,Uttar Pradesh,KISHORI LAL,AMETHI,171500000.0,Lok Sabha,18030344.418450177,11.748475195390867,151396954.685,20103045.314999998,13.278368350821095,0.885961426367444,False,Low,Allocation within the normal range
249,Telangana,KONDA VISHWESHWAR REDDY,CHELVELLA,233721421.0,Lok Sabha,80251765.41845018,52.29161759329449,173163189.8352941,60558231.1647059,34.971769243975274,3.943350548860294,True,High,Allocation significantly above the normal range
250,Karnataka,KOTA SRINIVAS POOJARY,UDUPI CHIKMAGALUR,147000000.0,Lok Sabha,-6469655.581549823,-4.215592689664971,152575121.975,-5575121.974999994,-3.654017708020249,-0.31790104249315654,False,Low,Allocation within the normal range
251,Assam,Kripanath Mallah,KARIMGANJ (SC),147000000.0,Lok Sabha,-6469655.581549823,-4.215592689664971,143592868.3642857,3407131.6357142925,2.3727721818820573,-0.31790104249315654,False,Low,Allocation within the normal range
252,Haryana,Krishan Pal Gurjar,FARIDABAD,147000000.0,Lok Sabha,-6469655.581549823,-4.215592689664971,157845426.4,-10845426.400000006,-6.870915836684645,-0.31790104249315654,False,Low,Allocation within the normal range
253,Uttar Pradesh,KRISHNA DEVI SHIVSHANKER PATEL,BANDA,147000000.0,Lok Sabha,-6469655.581549823,-4.215592689664971,151396954.685,-4396954.685000002,-2.9042556992962028,-0.31790104249315654,False,Low,Allocation within the normal range
254,Andhra Pradesh,Krishna Prasad Tenneti,BAPATLA,167796849.1,Lok Sabha,14327193.51845017,9.335522037994716,161915109.28,5881739.819999993,3.632607139725727,0.7039987984067354,False,Low,Allocation within the normal range
255,Tripura,KRITI DEVI DEBBARMAN,TRIPURA EAST(ST),147000000.0,Lok Sabha,-6469655.581549823,-4.215592689664971,147000000.0,0.0,0.0,-0.31790104249315654,False,Low,Allocation within the normal range
256,Rajasthan,KULDEEP INDORA,GANGANAGAR(SC),147000000.0,Lok Sabha,-6469655.581549823,-4.215592689664971,150702941.792,-3702941.7919999957,-2.4571131445534697,-0.31790104249315654,False,Low,Allocation within the normal range
257,Telangana,KUNDURU RAGHUVEER,NALGONDA,162952022.0,Lok Sabha,9482366.418450177,6.178658825106629,173163189.8352941,-10211167.835294098,-5.896846694153967,0.46593734886352167,False,Low,Allocation within the normal range
258,Uttar Pradesh,LALJI VERMA,AMBEDKAR NAGAR,147000000.0,Lok Sabha,-6469655.581549823,-4.215592689664971,151396954.685,-4396954.685000002,-2.9042556992962028,-0.31790104249315654,False,Low,Allocation within the normal range
259,Andhra Pradesh,Lavu Sri Krishna Devarayalu,NARASARAOPET,174009663.1,Lok Sabha,20540007.51845017,13.383758138126362,161915109.28,12094553.819999993,7.469688204999366,1.0092793535337437,False,Low,Allocation within the normal range
260,Uttar Pradesh,LAXMIKANT PAPPU NISHAD,SANT KABIR NAGAR,147000000.0,Lok Sabha,-6469655.581549823,-4.215592689664971,151396954.685,-4396954.685000002,-2.9042556992962028,-0.31790104249315654,False,Low,Allocation within the normal range
261,Bihar,LOVELY ANAND,SHEOHAR,147000000.0,Lok Sabha,-6469655.581549823,-4.215592689664971,149986563.07,-2986563.069999993,-1.9912204192625835,-0.31790104249315654,False,Low,Allocation within the normal range
262,Rajasthan,LUMBARAM,JALORE,147000000.0,Lok Sabha,-6469655.581549823,-4.215592689664971,150702941.792,-3702941.7919999957,-2.4571131445534697,-0.31790104249315654,False,Low,Allocation within the normal range
263,Karnataka,M. MALLESH BABU,KOLAR(SC),147065957.1,Lok Sabha,-6403698.481549829,-4.172615398975122,152575121.975,-5509164.875,-3.610788445512564,-0.3146600924015288,False,Low,Allocation within the normal range
264,Tamil Nadu,M.K. VISHNUPRASAD,CUDDALORE,147000000.0,Lok Sabha,-6469655.581549823,-4.215592689664971,157396760.24871793,-10396760.248717934,-6.605447426166207,-0.31790104249315654,False,Low,Allocation within the normal range
265,Andhra Pradesh,Maddila Gurumoorthy,TIRUPATI(SC),180399007.0,Lok Sabha,26929351.418450177,17.547020169169933,161915109.28,18483897.72,11.415795475909398,1.3232341013644957,False,Low,Allocation within the normal range
266,Telangana,MADHAVANENI RAGHUNANDAN RAO,MEDAK,147000000.0,Lok Sabha,-6469655.581549823,-4.215592689664971,173163189.8352941,-26163189.835294098,-15.108978911845803,-0.31790104249315654,False,Low,Allocation within the normal range
267,Andhra Pradesh,Magunta Sreenivasulu Reddy,ONGOLE,147000000.0,Lok Sabha,-6469655.581549823,-4.215592689664971,161915109.28,-14915109.280000001,-9.211684657672857,-0.31790104249315654,False,Low,Allocation within the normal range
268,Madhya Pradesh,Mahendra Singh Solanky,DEWAS(SC),147000000.0,Lok Sabha,-6469655.581549823,-4.215592689664971,152774885.2689655,-5774885.2689655125,-3.7799964691831547,-0.31790104249315654,False,Low,Allocation within the normal range
269,Chhattisgarh,MAHESH KASHYAP,BASTAR(ST),147000000.0,Lok Sabha,-6469655.581549823,-4.215592689664971,151974517.4090909,-4974517.409090906,-3.273257578900749,-0.31790104249315654,False,Low,Allocation within the normal range
270,Uttar Pradesh,Mahesh Sharma,GAUTAM BUDDHA NAGAR,148816284.1,Lok Sabha,-4653371.481549829,-3.032111764320177,151396954.685,-2580670.5850000083,-1.7045723213980168,-0.22865384817567705,False,Low,Allocation within the normal range
271,Rajasthan,MAHIMA KUMARI MEWAR,RAJSAMAND,183892143.0,Lok Sabha,30422487.418450177,19.823128750220235,150702941.792,33189201.208000004,22.022928559555062,1.4948771760186117,False,Low,Allocation within the normal range
272,Uttarakhand,Mala Rajya Laxmi Shah,TEHRI GARHWAL,147000000.0,Lok Sabha,-6469655.581549823,-4.215592689664971,147000000.0,0.0,0.0,-0.31790104249315654,False,Low,Allocation within the normal range
273,West Bengal,Mala Roy,KOLKATA DAKSHIN,147000000.0,Lok Sabha,-6469655.581549823,-4.215592689664971,152174601.41190475,-5174601.411904752,-3.4004369743004554,-0.31790104249315654,False,Low,Allocation within the normal range
274,Tamil Nadu,MALAIYARASAN D,KALLAKURICHI,201599593.0,Lok Sabha,48129937.41845018,31.361207683739913,157396760.24871793,44202832.751282066,28.083699233346906,2.364972460680883,False,Medium,Allocation moderately above the normal range
275,Odisha,MALVIKA DEVI,KALAHANDI,147000000.0,Lok Sabha,-6469655.581549823,-4.215592689664971,156611942.37619048,-9611942.376190484,-6.137426195188915,-0.31790104249315654,False,Low,Allocation within the normal range
276,Punjab,MALVINDER SINGH KANG,ANANDPUR SAHIB,147000000.0,Lok Sabha,-6469655.581549823,-4.215592689664971,148385527.54999998,-1385527.5499999821,-0.9337349624835312,-0.31790104249315654,False,Low,Allocation within the normal range
277,Tamil Nadu,MANI. A.,DHARAMAPURI,164515071.1,Lok Sabha,11045415.51845017,7.197133190007664,157396760.24871793,7118310.85128206,4.522526918618734,0.5427412732911271,False,Low,Allocation within the normal range
278,Tamil Nadu,Manickam Tagore B,VIRUDHUNAGAR,147000000.0,Lok Sabha,-6469655.581549823,-4.215592689664971,157396760.24871793,-10396760.248717934,-6.605447426166207,-0.31790104249315654,False,Low,Allocation within the normal range
279,Jharkhand,MANISH JAISWAL,HAZARIBAGH,147000000.0,Lok Sabha,-6469655.581549823,-4.215592689664971,151022598.80714285,-4022598.8071428537,-2.6635740868687785,-0.31790104249315654,False,Low,Allocation within the normal range
280,Chandigarh,MANISH TEWARI,CHANDIGARH,178351443.8,Lok Sabha,24881788.21845019,16.212839029425364,178351443.8,0.0,0.0,1.2226224895644917,False,Low,Allocation within the normal range
281,Rajasthan,MANJU SHARMA,JAIPUR,167082901.1,Lok Sabha,13613245.51845017,8.870317371121253,150702941.792,16379959.307999998,10.869037533857565,0.6689173615937521,False,Low,Allocation within the normal range
282,Rajasthan,MANNA LAL RAWAT,UDAIPUR(ST),147000000.0,Lok Sabha,-6469655.581549823,-4.215592689664971,150702941.792,-3702941.7919999957,-2.4571131445534697,-0.31790104249315654,False,Low,Allocation within the normal range
283,Haryana,MANOHAR LAL,KARNAL,147000000.0,Lok Sabha,-6469655.581549823,-4.215592689664971,157845426.4,-10845426.400000006,-6.870915836684645,-0.31790104249315654,False,Low,Allocation within the normal range
284,Bihar,MANOJ KUMAR,SASARAM(SC),147000000.0,Lok Sabha,-6469655.581549823,-4.215592689664971,149986563.07,-2986563.069999993,-1.9912204192625835,-0.31790104249315654,False,Low,Allocation within the normal range
285,West Bengal,MANOJ TIGGA,ALIPURDUARS(ST),147000000.0,Lok Sabha,-6469655.581549823,-4.215592689664971,152174601.41190475,-5174601.411904752,-3.4004369743004554,-0.31790104249315654,False,Low,Allocation within the normal range
286,Delhi,Manoj Tiwari,NORTH EAST DELHI,225843858.0,Lok Sabha,72374202.41845018,47.1586400218331,159598660.2857143,66245197.7142857,41.50736453281827,3.556268816542542,True,High,Allocation significantly above the normal range
287,Gujarat,Mansukhbhai Dhanjibhai Vasava,BHARUCH,147000000.0,Lok Sabha,-6469655.581549823,-4.215592689664971,147960286.90384614,-960286.9038461447,-0.6490166543609092,-0.31790104249315654,False,Low,Allocation within the normal range
288,Jammu And Kashmir,MIAN ALTAF AHMAD,ANANTNAG,147000000.0,Lok Sabha,-6469655.581549823,-4.215592689664971,148554694.42000002,-1554694.4200000167,-1.0465468129903186,-0.31790104249315654,False,Low,Allocation within the normal range
289,Andhra Pradesh,Midhun Reddy,RAJAMPET,178951477.1,Lok Sabha,25481821.51845017,16.60381749205776,161915109.28,17036367.819999993,10.521790026734923,1.2521064720108817,False,Low,Allocation within the normal range
290,Bihar,MISHA BHARTI,PATALIPUTRA,147000000.0,Lok Sabha,-6469655.581549823,-4.215592689664971,149986563.07,-2986563.069999993,-1.9912204192625835,-0.31790104249315654,False,Low,Allocation within the normal range
291,Gujarat,Mitesh Rameshbhai Bakabhai Patel,ANAND,147000000.0,Lok Sabha,-6469655.581549823,-4.215592689664971,147960286.90384614,-960286.9038461447,-0.6490166543609092,-0.31790104249315654,False,Low,Allocation within the normal range
292,Ladakh,Mohamed Haneefa,LADAKH,161114542.0,Lok Sabha,7644886.418450177,4.981366765619592,161114542.0,0.0,0.0,0.37564864644384915,False,Low,Allocation within the normal range
293,Uttar Pradesh,MOHIBBULLAH,RAMPUR,147000000.0,Lok Sabha,-6469655.581549823,-4.215592689664971,151396954.685,-4396954.685000002,-2.9042556992962028,-0.31790104249315654,False,Low,Allocation within the normal range
294,Maharashtra,MOHITE PATIL DHAIRYASHEEL RAJSINH,MADHA,195613601.7,Lok Sabha,42143946.118450165,27.46076803179894,152964272.72708333,42649328.97291666,27.881889157876095,2.0708373478238995,False,Medium,Allocation moderately above the normal range
295,Bihar,Mr Gopal Jee Thakur,DARBHANGA,147000000.0,Lok Sabha,-6469655.581549823,-4.215592689664971,149986563.07,-2986563.069999993,-1.9912204192625835,-0.31790104249315654,False,Low,Allocation within the normal range
296,West Bengal,Ms Mahua Moitra,KRISHNANAGAR,159865046.0,Lok Sabha,6395390.418450177,4.167201909860175,152174601.41190475,7690444.588095248,5.053697868594265,0.314251857080933,False,Low,Allocation within the normal range
297,Lakshadweep,MUHAMMED HAMDULLAH SAYEED,LAKSHADWEEP(ST),153942460.4,Lok Sabha,472804.8184501827,0.3080770701273558,153942460.4,0.0,0.0,0.023232325552188772,False,Low,Allocation within the normal range
298,Uttar Pradesh,Mukesh Rajput,FARRUKHABAD,147000000.0,Lok Sabha,-6469655.581549823,-4.215592689664971,151396954.685,-4396954.685000002,-2.9042556992962028,-0.31790104249315654,False,Low,Allocation within the normal range
299,Gujarat,MUKESHKUMAR CHANDRAKAANT DALAL,SURAT,147000000.0,Lok Sabha,-6469655.581549823,-4.215592689664971,147960286.90384614,-960286.9038461447,-0.6490166543609092,-0.31790104249315654,False,Low,Allocation within the normal range
300,Rajasthan,MURARI LAL MEENA,DAUSA(ST),147000000.0,Lok Sabha,-6469655.581549823,-4.215592689664971,150702941.792,-3702941.7919999957,-2.4571131445534697,-0.31790104249315654,False,Low,Allocation within the normal range
301,Tamil Nadu,MURASOLI S,THANJAVUR,147000000.0,Lok Sabha,-6469655.581549823,-4.215592689664971,157396760.24871793,-10396760.248717934,-6.605447426166207,-0.31790104249315654,False,Low,Allocation within the normal range
302,Maharashtra,MURLIDHAR MOHOL,PUNE,147000000.0,Lok Sabha,-6469655.581549823,-4.215592689664971,152964272.72708333,-5964272.727083325,-3.8991279602425175,-0.31790104249315654,False,Low,Allocation within the normal range
303,Odisha,NABA CHARAN MAJHI,MAYURBHANJ (ST),147563957.1,Lok Sabha,-5905698.481549829,-3.8481212844135775,156611942.37619048,-9047985.27619049,-5.7773277943624075,-0.2901897450753011,False,Low,Allocation within the normal range
304,Jharkhand,NALIN SOREN,DUMKA(ST),147364097.1,Lok Sabha,-6105558.481549829,-3.97834898267918,151022598.80714285,-3658501.7071428597,-2.4224862610229594,-0.300010314586586,False,Low,Allocation within the normal range
305,Uttar Pradesh,NARAYAN DAS AHIRWAR,JALAUN(SC),147000000.0,Lok Sabha,-6469655.581549823,-4.215592689664971,151396954.685,-4396954.685000002,-2.9042556992962028,-0.31790104249315654,False,Low,Allocation within the normal range
306,Maharashtra,NARAYAN TATU RANE,RATNAGIRI-SINDHUDURG,147000000.0,Lok Sabha,-6469655.581549823,-4.215592689664971,152964272.72708333,-5964272.727083325,-3.8991279602425175,-0.31790104249315654,False,Low,Allocation within the normal range
307,Uttar Pradesh,NARESH CHANDRA UTTAM PATEL,FATEHPUR,147000000.0,Lok Sabha,-6469655.581549823,-4.215592689664971,151396954.685,-4396954.685000002,-2.9042556992962028,-0.31790104249315654,False,Low,Allocation within the normal range
308,Maharashtra,NARESH GANPAT MHASKE,THANE,147000000.0,Lok Sabha,-6469655.581549823,-4.215592689664971,152964272.72708333,-5964272.727083325,-3.8991279602425175,-0.31790104249315654,False,Low,Allocation within the normal range
309,Haryana,NAVEEN JINDAL,KURUKSHETRA,147000000.0,Lok Sabha,-6469655.581549823,-4.215592689664971,157845426.4,-10845426.400000006,-6.870915836684645,-0.31790104249315654,False,Low,Allocation within the normal range
310,Uttar Pradesh,NEERAJ MAURYA,AONLA,147000000.0,Lok Sabha,-6469655.581549823,-4.215592689664971,151396954.685,-4396954.685000002,-2.9042556992962028,-0.31790104249315654,False,Low,Allocation within the normal range
311,Maharashtra,NILESH DNYANDEV LANKE,AHMEDNAGAR,147000000.0,Lok Sabha,-6469655.581549823,-4.215592689664971,152964272.72708333,-5964272.727083325,-3.8991279602425175,-0.31790104249315654,False,Low,Allocation within the normal range
312,Gujarat,NIMUBEN JAYANTIBHAI BAMBHANIYA,BHAVNAGAR,147000000.0,Lok Sabha,-6469655.581549823,-4.215592689664971,147960286.90384614,-960286.9038461447,-0.6490166543609092,-0.31790104249315654,False,Low,Allocation within the normal range
313,Jharkhand,Nishikant Dubey,GODDA,147000000.0,Lok Sabha,-6469655.581549823,-4.215592689664971,151022598.80714285,-4022598.8071428537,-2.6635740868687785,-0.31790104249315654,False,Low,Allocation within the normal range
314,Maharashtra,Nitin Jairam Gadkari,NAGPUR,168195086.1,Lok Sabha,14725430.51845017,9.595011119722919,152964272.72708333,15230813.372916669,9.95710508171491,0.7235670668970063,False,Low,Allocation within the normal range
315,Bihar,Nityanand Rai,UJJARPUR,147000000.0,Lok Sabha,-6469655.581549823,-4.215592689664971,149986563.07,-2986563.069999993,-1.9912204192625835,-0.31790104249315654,False,Low,Allocation within the normal range
316,Rajasthan,Om Birla,KOTA,163906956.6,Lok Sabha,10437301.01845017,6.800889061032693,150702941.792,13204014.807999998,8.761617159553635,0.5128602029515381,False,Low,Allocation within the normal range
317,Maharashtra,Omprakash Bhupalsinh Alias Pawan Rajenimbalkar,OSMANABAD,184758519.1,Lok Sabha,31288863.51845017,20.38765474509329,152964272.72708333,31794246.37291667,20.785406818259784,1.5374485095168897,False,Low,Allocation within the normal range
318,Karnataka,P C Mohan,BANGALORE CENTRAL,159995711.1,Lok Sabha,6526055.518450171,4.252342584415584,152575121.975,7420589.125,4.863564275056514,0.32067237993317427,False,Low,Allocation within the normal range
319,Uttar Pradesh,Pankaj Chowdhary,MAHARAJGANJ_UP,147000000.0,Lok Sabha,-6469655.581549823,-4.215592689664971,151396954.685,-4396954.685000002,-2.9042556992962028,-0.31790104249315654,False,Low,Allocation within the normal range
320,Assam,PARIMAL SUKLABAIDYA,SILCHAR,148300157.1,Lok Sabha,-5169498.481549829,-3.3684173343328383,143592868.3642857,4707288.735714287,3.278219029494002,-0.25401490631713075,False,Low,Allocation within the normal range
321,Gujarat,PARSHOTTAMBHAI RUPALA,RAJKOT,147000000.0,Lok Sabha,-6469655.581549823,-4.215592689664971,147960286.90384614,-960286.9038461447,-0.6490166543609092,-0.31790104249315654,False,Low,Allocation within the normal range
322,West Bengal,PARTHA BHOWMICK,BARRACKPUR,147000000.0,Lok Sabha,-6469655.581549823,-4.215592689664971,152174601.41190475,-5174601.411904752,-3.4004369743004554,-0.31790104249315654,False,Low,Allocation within the normal range
323,Karnataka,Parvatagouda Chandanagouda Gaddigoudar,BAGALKOT,167541747.1,Lok Sabha,14072091.51845017,9.169298950418654,152575121.975,14966625.125,9.80934829431258,0.6914637892830098,False,Low,Allocation within the normal range
324,The Dadra And Nagar Haveli And Daman And Diu,PATEL UMESHBHAI BABUBHAI,DAMAN and DIU,245063957.0,Lok Sabha,91594301.41845018,59.682352886873666,196031978.5,49031978.5,25.012234674762517,4.500691503639896,True,High,Allocation significantly above the normal range
325,West Bengal,PATHAN YUSUF,BAHARAMPUR,147000000.0,Lok Sabha,-6469655.581549823,-4.215592689664971,152174601.41190475,-5174601.411904752,-3.4004369743004554,-0.31790104249315654,False,Low,Allocation within the normal range
326,Assam,PHANI BHUSAN CHOUDHURY,BARPETA,147000000.0,Lok Sabha,-6469655.581549823,-4.215592689664971,143592868.3642857,3407131.6357142925,2.3727721818820573,-0.31790104249315654,False,Low,Allocation within the normal range
327,Maharashtra,Piyush Vedprakash Goyal,MUMBAI NORTH,147000000.0,Lok Sabha,-6469655.581549823,-4.215592689664971,152964272.72708333,-5964272.727083325,-3.8991279602425175,-0.31790104249315654,False,Low,Allocation within the normal range
328,Andhra Pradesh,PRABHAKAR REDDY VEMIREDDY,NELLORE(SC),147000000.0,Lok Sabha,-6469655.581549823,-4.215592689664971,161915109.28,-14915109.280000001,-9.211684657672857,-0.31790104249315654,False,Low,Allocation within the normal range
329,Gujarat,Prabhubhai Nagarbhai Vasava,BARDOLI(ST),147000000.0,Lok Sabha,-6469655.581549823,-4.215592689664971,147960286.90384614,-960286.9038461447,-0.6490166543609092,-0.31790104249315654,False,Low,Allocation within the normal range
330,Assam,Pradan Baruah,LAKHIMPUR,147000000.0,Lok Sabha,-6469655.581549823,-4.215592689664971,143592868.3642857,3407131.6357142925,2.3727721818820573,-0.31790104249315654,False,Low,Allocation within the normal range
331,Bihar,Pradeep Kumar Singh,ARARIA,147000000.0,Lok Sabha,-6469655.581549823,-4.215592689664971,149986563.07,-2986563.069999993,-1.9912204192625835,-0.31790104249315654,False,Low,Allocation within the normal range
332,Odisha,PRADEEP PUROHIT,BARGARH,147000000.0,Lok Sabha,-6469655.581549823,-4.215592689664971,156611942.37619048,-9611942.376190484,-6.137426195188915,-0.31790104249315654,False,Low,Allocation within the normal range
333,Assam,Pradyut Bordoloi,NOWGONG,98000000.0,Lok Sabha,-55469655.58154982,-36.143728459776646,143592868.3642857,-45592868.36428571,-31.751485212078627,-2.7256259802143576,False,Medium,Allocation moderately below the normal range
334,Karnataka,Pralhad Venkatesh Joshi,DHARWAD,147000000.0,Lok Sabha,-6469655.581549823,-4.215592689664971,152575121.975,-5575121.974999994,-3.654017708020249,-0.31790104249315654,False,Low,Allocation within the normal range
335,Maharashtra,PRANITI SUSHILKUMAR SHINDE,SOLAPUR(SC),147000000.0,Lok Sabha,-6469655.581549823,-4.215592689664971,152964272.72708333,-5964272.727083325,-3.8991279602425175,-0.31790104249315654,False,Low,Allocation within the normal range
336,West Bengal,Prasun Banerjee,HOWRAH,147000000.0,Lok Sabha,-6469655.581549823,-4.215592689664971,152174601.41190475,-5174601.411904752,-3.4004369743004554,-0.31790104249315654,False,Low,Allocation within the normal range
337,Odisha,Pratap Chandra Sarangi,BALASORE,147064254.1,Lok Sabha,-6405401.481549829,-4.1737250645917845,156611942.37619048,-9547688.27619049,-6.096398608770472,-0.3147437731274256,False,Low,Allocation within the normal range
338,Maharashtra,Prataprao Jadhav,BULDHANA,147000000.0,Lok Sabha,-6469655.581549823,-4.215592689664971,152964272.72708333,-5964272.727083325,-3.8991279602425175,-0.31790104249315654,False,Low,Allocation within the normal range
339,West Bengal,Pratima Mondal,JOYNAGAR(SC),147000000.0,Lok Sabha,-6469655.581549823,-4.215592689664971,152174601.41190475,-5174601.411904752,-3.4004369743004554,-0.31790104249315654,False,Low,Allocation within the normal range
340,Delhi,Praveen Khandelwal,CHANDINI CHOWK,147470276.0,Lok Sabha,-5999379.581549823,-3.909163384003236,159598660.2857143,-12128384.285714298,-7.599302064316834,-0.2947929761092427,False,Low,Allocation within the normal range
341,Uttar Pradesh,PRAVEEN PATEL,PHULPUR,151559884.1,Lok Sabha,-1909771.4815498292,-1.2443967990369442,151396954.685,162929.41499999166,0.10761736610817989,-0.09384090656074058,False,Low,Allocation within the normal range
342,Uttar Pradesh,PRIYA SAROJ,MACHHLISHAHR(SC),147000000.0,Lok Sabha,-6469655.581549823,-4.215592689664971,151396954.685,-4396954.685000002,-2.9042556992962028,-0.31790104249315654,False,Low,Allocation within the normal range
343,Kerala,Priyanka Gandhi Vadra,WAYANAD,122500000.0,Lok Sabha,-30969655.581549823,-20.17966057472081,155543716.29500002,-33043716.295000017,-21.244005918136992,-1.521763511353757,False,Low,Allocation within the normal range
344,Karnataka,PRIYANKA SATISH JARKIHOLI,CHIKKODI,147000000.0,Lok Sabha,-6469655.581549823,-4.215592689664971,152575121.975,-5575121.974999994,-3.654017708020249,-0.31790104249315654,False,Low,Allocation within the normal range
345,West Bengal,Prof Sougata Ray,DUM DUM,147000000.0,Lok Sabha,-6469655.581549823,-4.215592689664971,152174601.41190475,-5174601.411904752,-3.4004369743004554,-0.31790104249315654,False,Low,Allocation within the normal range
346,Uttar Pradesh,Prof SP Singh Baghel,AGRA(SC),147000000.0,Lok Sabha,-6469655.581549823,-4.215592689664971,151396954.685,-4396954.685000002,-2.9042556992962028,-0.31790104249315654,False,Low,Allocation within the normal range
347,Uttar Pradesh,PUSHPENDRA SAROJ,KAUSHAMBI(SC),147000000.0,Lok Sabha,-6469655.581549823,-4.215592689664971,151396954.685,-4396954.685000002,-2.9042556992962028,-0.31790104249315654,False,Low,Allocation within the normal range
348,Andhra Pradesh,Putta Mahesh Kumar,ELURU,147000000.0,Lok Sabha,-6469655.581549823,-4.215592689664971,161915109.28,-14915109.280000001,-9.211684657672857,-0.31790104249315654,False,Low,Allocation within the normal range
349,Uttar Pradesh,R.K. CHAUDHARY,MOHANLALGANJ(SC),147000000.0,Lok Sabha,-6469655.581549823,-4.215592689664971,151396954.685,-4396954.685000002,-2.9042556992962028,-0.31790104249315654,False,Low,Allocation within the normal range
350,Odisha,RABINDRA NARAYAN BEHERA,JAJPUR(SC),147064617.1,Lok Sabha,-6405038.481549829,-4.173488535749242,156611942.37619048,-9547325.27619049,-6.096166825680056,-0.31472593630798895,False,Low,Allocation within the normal range
351,West Bengal,RACHNA BANERJEE,HOOGHLY,147000000.0,Lok Sabha,-6469655.581549823,-4.215592689664971,152174601.41190475,-5174601.411904752,-3.4004369743004554,-0.31790104249315654,False,Low,Allocation within the normal range
352,Bihar,Radha Mohan Singh,PURVI CHAMPARAN,147000000.0,Lok Sabha,-6469655.581549823,-4.215592689664971,149986563.07,-2986563.069999993,-1.9912204192625835,-0.31790104249315654,False,Low,Allocation within the normal range
353,Karnataka,RADHAKRISHNA,GULBARGA(SC),147000000.0,Lok Sabha,-6469655.581549823,-4.215592689664971,152575121.975,-5575121.974999994,-3.654017708020249,-0.31790104249315654,False,Low,Allocation within the normal range
354,Chhattisgarh,RADHE SHYAM RATHIYA,RAIGARH(ST),159706972.1,Lok Sabha,6237316.518450171,4.064201809025252,151974517.4090909,7732454.690909088,5.0879942392543125,0.3064845413455685,False,Low,Allocation within the normal range
355,Uttar Pradesh,RAHUL GANDHI,RAE BARELI,147000000.0,Lok Sabha,-6469655.581549823,-4.215592689664971,151396954.685,-4396954.685000002,-2.9042556992962028,-0.31790104249315654,False,Low,Allocation within the normal range
356,Rajasthan,Rahul Kaswan,CHURU,147000000.0,Lok Sabha,-6469655.581549823,-4.215592689664971,150702941.792,-3702941.7919999957,-2.4571131445534697,-0.31790104249315654,False,Low,Allocation within the normal range
357,Madhya Pradesh,RAHUL SINGH LODHI,DAMOH,163058785.4,Lok Sabha,9589129.818450183,6.248225280830689,152774885.2689655,10283900.131034493,6.73140753005923,0.4711834080597649,False,Low,Allocation within the normal range
358,Bihar,RAJ BHUSHAN CHOUDHARY,MUZAFFARPUR,147000000.0,Lok Sabha,-6469655.581549823,-4.215592689664971,149986563.07,-2986563.069999993,-1.9912204192625835,-0.31790104249315654,False,Low,Allocation within the normal range
359,Rajasthan,RAJ KUMAR ROAT,BANSWARA(ST),147000000.0,Lok Sabha,-6469655.581549823,-4.215592689664971,150702941.792,-3702941.7919999957,-2.4571131445534697,-0.31790104249315654,False,Low,Allocation within the normal range
360,Bihar,RAJA RAM SINGH,KARAKAT,147000000.0,Lok Sabha,-6469655.581549823,-4.215592689664971,149986563.07,-2986563.069999993,-1.9912204192625835,-0.31790104249315654,False,Low,Allocation within the normal range
361,Maharashtra,RAJABHAU,NASHIK,152878682.1,Lok Sabha,-590973.4815498292,-0.3850751337848681,152964272.72708333,-85590.62708333135,-0.0559546523886927,-0.029038807939988653,False,Low,Allocation within the normal range
362,Himachal Pradesh,RAJEEV BHARDWAJ,KANGRA,179388967.1,Lok Sabha,25919311.51845017,16.888883616916257,157380760.325,22008206.775000006,13.98405162711874,1.2736035247252417,False,Low,Allocation within the normal range
363,Uttar Pradesh,RAJEEV RAI,GHOSI,147000000.0,Lok Sabha,-6469655.581549823,-4.215592689664971,151396954.685,-4396954.685000002,-2.9042556992962028,-0.31790104249315654,False,Low,Allocation within the normal range
364,Bihar,RAJESH RANJAN ALIAS PAPPU YADAV,PURNEA,147000000.0,Lok Sabha,-6469655.581549823,-4.215592689664971,149986563.07,-2986563.069999993,-1.9912204192625835,-0.31790104249315654,False,Low,Allocation within the normal range
365,Bihar,RAJESH VERMA,KHAGARIA,147000000.0,Lok Sabha,-6469655.581549823,-4.215592689664971,149986563.07,-2986563.069999993,-1.9912204192625835,-0.31790104249315654,False,Low,Allocation within the normal range
366,Gujarat,Rajeshbhai Naranbhai Chudasama,JUNAGADH,147000000.0,Lok Sabha,-6469655.581549823,-4.215592689664971,147960286.90384614,-960286.9038461447,-0.6490166543609092,-0.31790104249315654,False,Low,Allocation within the normal range
367,Bihar,Rajiv Pratap Rudy,SARAN,147000000.0,Lok Sabha,-6469655.581549823,-4.215592689664971,149986563.07,-2986563.069999993,-1.9912204192625835,-0.31790104249315654,False,Low,Allocation within the normal range
368,Bihar,Rajiv Ranjan (Lalan) Singh,MUNGER,147000000.0,Lok Sabha,-6469655.581549823,-4.215592689664971,149986563.07,-2986563.069999993,-1.9912204192625835,-0.31790104249315654,False,Low,Allocation within the normal range
369,Uttar Pradesh,Rajkumar Chahar,FATEHPUR SIKRI,147000000.0,Lok Sabha,-6469655.581549823,-4.215592689664971,151396954.685,-4396954.685000002,-2.9042556992962028,-0.31790104249315654,False,Low,Allocation within the normal range
370,Uttar Pradesh,Rajnath Singh,LUCKNOW,154808797.1,Lok Sabha,1339141.5184501708,0.8725773921728686,151396954.685,3411842.4149999917,2.25357400490568,0.0658017230430676,False,Low,Allocation within the normal range
371,Gujarat,RAJPALSINH MAHENDRASINH JADAV,PANCHMAHAL,147000000.0,Lok Sabha,-6469655.581549823,-4.215592689664971,147960286.90384614,-960286.9038461447,-0.6490166543609092,-0.31790104249315654,False,Low,Allocation within the normal range
372,West Bengal,Raju Bista,DARJEELING,147000000.0,Lok Sabha,-6469655.581549823,-4.215592689664971,152174601.41190475,-5174601.411904752,-3.4004369743004554,-0.31790104249315654,False,Low,Allocation within the normal range
373,Uttar Pradesh,RAKESH RATHOR,SITAPUR,147000000.0,Lok Sabha,-6469655.581549823,-4.215592689664971,151396954.685,-4396954.685000002,-2.9042556992962028,-0.31790104249315654,False,Low,Allocation within the normal range
374,Assam,RAKIBUL HUSSAIN,DHUBRI,147000000.0,Lok Sabha,-6469655.581549823,-4.215592689664971,143592868.3642857,3407131.6357142925,2.3727721818820573,-0.31790104249315654,False,Low,Allocation within the normal range
375,Uttar Pradesh,RAM PRASAD CHAUDHARY,BASTI,204176957.1,Lok Sabha,50707301.51845017,33.04060423300137,151396954.685,52780002.41499999,34.861997405968495,2.4916170283779717,False,Medium,Allocation moderately above the normal range
376,Uttar Pradesh,Ram Shiromani,SHRAWASTI,151746878.1,Lok Sabha,-1722777.4815498292,-1.1225525169921227,151396954.685,349923.41499999166,0.23112975801134863,-0.08465253682596022,False,Low,Allocation within the normal range
377,Telangana,RAMASAHAYAM RAGHURAM REDDY,KHAMMAM,147000000.0,Lok Sabha,-6469655.581549823,-4.215592689664971,173163189.8352941,-26163189.835294098,-15.108978911845803,-0.31790104249315654,False,Low,Allocation within the normal range
378,Uttar Pradesh,RAMASHANKAR RAJBHAR,SALEMPUR,160056927.1,Lok Sabha,6587271.518450171,4.292230599911567,151396954.685,8659972.414999992,5.720043994952296,0.32368036543904244,False,Low,Allocation within the normal range
379,Uttar Pradesh,RAMBHUAL NISHAD,SULTANPUR,151231957.1,Lok Sabha,-2237698.4815498292,-1.4580722639080752,151396954.685,-164997.58500000834,-0.10898342396866974,-0.10995433545159977,False,Low,Allocation within the normal range
380,Uttar Pradesh,RAMESH AWASTHI,KANPUR,147000000.0,Lok Sabha,-6469655.581549823,-4.215592689664971,151396954.685,-4396954.685000002,-2.9042556992962028,-0.31790104249315654,False,Low,Allocation within the normal range
381,Karnataka,Ramesh Chandappa Jigajinagi,BIJAPUR(SC),269500000.0,Lok Sabha,116030344.41845018,75.60474673561423,152575121.975,116924878.025,76.63430086862955,5.701411301809847,True,High,Allocation significantly above the normal range
382,Bihar,Ramprit Mandal,JHANJHARPUR,147000000.0,Lok Sabha,-6469655.581549823,-4.215592689664971,149986563.07,-2986563.069999993,-1.9912204192625835,-0.31790104249315654,False,Low,Allocation within the normal range
383,Delhi,Ramvir Singh Bidhuri,SOUTH DELHI,147559100.0,Lok Sabha,-5910555.581549823,-3.851286144581921,159598660.2857143,-12039560.285714298,-7.543647461802635,-0.2904284095813213,False,Low,Allocation within the normal range
384,Assam,RANJIT DUTTA,Sonitpur,147000000.0,Lok Sabha,-6469655.581549823,-4.215592689664971,143592868.3642857,3407131.6357142925,2.3727721818820573,-0.31790104249315654,False,Low,Allocation within the normal range
385,Haryana,Rao Inderjit Singh,GURGAON,147000000.0,Lok Sabha,-6469655.581549823,-4.215592689664971,157845426.4,-10845426.400000006,-6.870915836684645,-0.31790104249315654,False,Low,Allocation within the normal range
386,Rajasthan,Rao Rajendra Singh,JAIPUR RURAL,147000000.0,Lok Sabha,-6469655.581549823,-4.215592689664971,150702941.792,-3702941.7919999957,-2.4571131445534697,-0.31790104249315654,False,Low,Allocation within the normal range
387,Bihar,Ravi Shankar Prasad,PATNA SAHIB,147000000.0,Lok Sabha,-6469655.581549823,-4.215592689664971,149986563.07,-2986563.069999993,-1.9912204192625835,-0.31790104249315654,False,Low,Allocation within the normal range
388,Maharashtra,RAVINDRA DATTARAM WAIKAR,MUMBAI NORTH WEST,147000000.0,Lok Sabha,-6469655.581549823,-4.215592689664971,152964272.72708333,-5964272.727083325,-3.8991279602425175,-0.31790104249315654,False,Low,Allocation within the normal range
389,Uttar Pradesh,Ravindra Shyamnarayan Alias Ravi Kishan Shukla,GORAKHPUR,147000000.0,Lok Sabha,-6469655.581549823,-4.215592689664971,151396954.685,-4396954.685000002,-2.9042556992962028,-0.31790104249315654,False,Low,Allocation within the normal range
390,Maharashtra,Ravindra Vasantrao Chavan,NANDED,147000000.0,Lok Sabha,-6469655.581549823,-4.215592689664971,152964272.72708333,-5964272.727083325,-3.8991279602425175,-0.31790104249315654,False,Low,Allocation within the normal range
391,Mizoram,RICHARD VANLALHMANGAIHA,MIZORAM (ST),147000000.0,Lok Sabha,-6469655.581549823,-4.215592689664971,147000000.0,0.0,0.0,-0.31790104249315654,False,Low,Allocation within the normal range
392,Tamil Nadu,ROBERT BRUCE C,TIRUNELVELI,147475440.1,Lok Sabha,-5994215.481549829,-3.905798484290373,157396760.24871793,-9921320.14871794,-6.3033826954508445,-0.29453922646942904,False,Low,Allocation within the normal range
393,Madhya Pradesh,Rodmal Nagar,RAJGARH,147000000.0,Lok Sabha,-6469655.581549823,-4.215592689664971,152774885.2689655,-5774885.2689655125,-3.7799964691831547,-0.31790104249315654,False,Low,Allocation within the normal range
394,Chhattisgarh,ROOP KUMARI CHOUDHARY,MAHASAMUND,153035414.0,Lok Sabha,-434241.5815498233,-0.2829494729132812,151974517.4090909,1060896.5909090936,0.6980753148590898,-0.021337434385571515,False,Low,Allocation within the normal range
395,Uttar Pradesh,RUCHI VIRA,MORADABAD,147000000.0,Lok Sabha,-6469655.581549823,-4.215592689664971,151396954.685,-4396954.685000002,-2.9042556992962028,-0.31790104249315654,False,Low,Allocation within the normal range
396,Odisha,RUDRA NARAYAN PANY,DHENKANAL,155013957.1,Lok Sabha,1544301.5184501708,1.0062585418585035,156611942.37619048,-1597985.2761904895,-1.0203470130981718,0.07588271994557538,False,Low,Allocation within the normal range
397,Nagaland,S SUPONGMEREN JAMIR,NAGALAND,147000000.0,Lok Sabha,-6469655.581549823,-4.215592689664971,147000000.0,0.0,0.0,-0.31790104249315654,False,Low,Allocation within the normal range
398,Tamil Nadu,S Venkatesan,MADURAI,147000000.0,Lok Sabha,-6469655.581549823,-4.215592689664971,157396760.24871793,-10396760.248717934,-6.605447426166207,-0.31790104249315654,False,Low,Allocation within the normal range
399,Tamil Nadu,S. Jagathrakshakan,ARAKKONAM,180589332.3,Lok Sabha,27119676.71845019,17.671035108330905,157396760.24871793,23192572.051282078,14.735101290924439,1.3325861619989712,False,Low,Allocation within the normal range
400,Tamil Nadu,SACHITHANANTHAM R,DINDIGUL,147000000.0,Lok Sabha,-6469655.581549823,-4.215592689664971,157396760.24871793,-10396760.248717934,-6.605447426166207,-0.31790104249315654,False,Low,Allocation within the normal range
401,Karnataka,SAGAR ESHWAR KHANDRE,BIDAR,147000000.0,Lok Sabha,-6469655.581549823,-4.215592689664971,152575121.975,-5575121.974999994,-3.654017708020249,-0.31790104249315654,False,Low,Allocation within the normal range
402,Meghalaya,SALENG A SANGMA,TURA,147000000.0,Lok Sabha,-6469655.581549823,-4.215592689664971,122500000.0,24500000.0,20.0,-0.31790104249315654,False,Low,Allocation within the normal range
403,Odisha,SAMBIT PATRA,PURI,147000000.0,Lok Sabha,-6469655.581549823,-4.215592689664971,156611942.37619048,-9611942.376190484,-6.137426195188915,-0.31790104249315654,False,Low,Allocation within the normal range
404,Uttar Pradesh,SANATAN PANDEY,BALLIA,180420041.4,Lok Sabha,26950385.818450183,17.560726070783055,151396954.685,29023086.715000004,19.17019188093057,1.324267673801843,False,Low,Allocation within the normal range
405,Maharashtra,SANJAY DINA PATIL,MUMBAI NORTH EAST,147000000.0,Lok Sabha,-6469655.581549823,-4.215592689664971,152964272.72708333,-5964272.727083325,-3.8991279602425175,-0.31790104249315654,False,Low,Allocation within the normal range
406,Maharashtra,Sanjay Haribhau Jadhav,PARBHANI,147000000.0,Lok Sabha,-6469655.581549823,-4.215592689664971,152964272.72708333,-5964272.727083325,-3.8991279602425175,-0.31790104249315654,False,Low,Allocation within the normal range
407,Bihar,Sanjay Jaiswal,PASCHIM CHAMPARAN,147000000.0,Lok Sabha,-6469655.581549823,-4.215592689664971,149986563.07,-2986563.069999993,-1.9912204192625835,-0.31790104249315654,False,Low,Allocation within the normal range
408,Telangana,Sanjay Kumar Bandi,KARIMNAGAR,172775317.1,Lok Sabha,19305661.51845017,12.579464940671375,173163189.8352941,-387872.7352941036,-0.22399260239028437,0.948626993411776,False,Low,Allocation within the normal range
409,Jharkhand,Sanjay Seth,RANCHI,147064357.1,Lok Sabha,-6405298.481549829,-4.173657950347207,151022598.80714285,-3958241.7071428597,-2.620959868527735,-0.31473871199133197,False,Low,Allocation within the normal range
410,Maharashtra,Sanjay Uttamrao Deshmukh,YAVATMAL-WASHIM,185640423.0,Lok Sabha,32170767.418450177,20.962298570713518,152964272.72708333,32676150.272916675,21.36194922537042,1.580782836306759,False,Low,Allocation within the normal range
411,Rajasthan,SANJNA JATAV,BHARATPUR(SC),147000000.0,Lok Sabha,-6469655.581549823,-4.215592689664971,150702941.792,-3702941.7919999957,-2.4571131445534697,-0.31790104249315654,False,Low,Allocation within the normal range
412,Chhattisgarh,Santosh Pandey,RAJNANDGAON,147000000.0,Lok Sabha,-6469655.581549823,-4.215592689664971,151974517.4090909,-4974517.409090906,-3.273257578900749,-0.31790104249315654,False,Low,Allocation within the normal range
413,Odisha,Saptagiri Sankar Ulaka,KORAPUT(ST),269500000.0,Lok Sabha,116030344.41845018,75.60474673561423,156611942.37619048,112888057.62380952,72.08138530882032,5.701411301809847,True,High,Allocation significantly above the normal range
414,Punjab,SARABJEET SINGH KHALSA,FARIDKOT(SC),150850348.2,Lok Sabha,-2619307.381549835,-1.7067265653424253,148385527.54999998,2464820.650000006,1.6610923522642465,-0.12870554494111755,False,Low,Allocation within the normal range
415,Tamil Nadu,Sasikanth Senthil,TIRUVALLUR(SC),171500000.0,Lok Sabha,18030344.418450177,11.748475195390867,157396760.24871793,14103239.751282066,8.960311336139426,0.885961426367444,False,Low,Allocation within the normal range
416,Haryana,SATPAL BRAHAMCHARI,SONEPAT,147000000.0,Lok Sabha,-6469655.581549823,-4.215592689664971,157845426.4,-10845426.400000006,-6.870915836684645,-0.31790104249315654,False,Low,Allocation within the normal range
417,West Bengal,Saumitra khan,BISHNUPUR(SC),147000000.0,Lok Sabha,-6469655.581549823,-4.215592689664971,152174601.41190475,-5174601.411904752,-3.4004369743004554,-0.31790104249315654,False,Low,Allocation within the normal range
418,Madhya Pradesh,SAVITRI THAKUR,DHAR(ST),147000000.0,Lok Sabha,-6469655.581549823,-4.215592689664971,152774885.2689655,-5774885.2689655125,-3.7799964691831547,-0.31790104249315654,False,Low,Allocation within the normal range
419,West Bengal,SAYANI GHOSH,JADAVPUR,147000000.0,Lok Sabha,-6469655.581549823,-4.215592689664971,152174601.41190475,-5174601.411904752,-3.4004369743004554,-0.31790104249315654,False,Low,Allocation within the normal range
420,Haryana,SELJA,SIRSA(SC),147000000.0,Lok Sabha,-6469655.581549823,-4.215592689664971,157845426.4,-10845426.400000006,-6.870915836684645,-0.31790104249315654,False,Low,Allocation within the normal range
421,Tamil Nadu,SELVAGANAPATHI T M,SALEM,147000000.0,Lok Sabha,-6469655.581549823,-4.215592689664971,157396760.24871793,-10396760.248717934,-6.605447426166207,-0.31790104249315654,False,Low,Allocation within the normal range
422,Tamil Nadu,SELVARAJ V,NAGAPATTINAM(SC),147000000.0,Lok Sabha,-6469655.581549823,-4.215592689664971,157396760.24871793,-10396760.248717934,-6.605447426166207,-0.31790104249315654,False,Low,Allocation within the normal range
423,Kerala,SHAFI PARAMBIL,VADAKARA,147000000.0,Lok Sabha,-6469655.581549823,-4.215592689664971,155543716.29500002,-8543716.295000017,-5.492807101764391,-0.31790104249315654,False,Low,Allocation within the normal range
424,Bihar,SHAMBHAVI,SAMASTIPUR(SC),147000000.0,Lok Sabha,-6469655.581549823,-4.215592689664971,149986563.07,-2986563.069999993,-1.9912204192625835,-0.31790104249315654,False,Low,Allocation within the normal range
425,Madhya Pradesh,Shankar Lalwani,INDORE,147000000.0,Lok Sabha,-6469655.581549823,-4.215592689664971,152774885.2689655,-5774885.2689655125,-3.7799964691831547,-0.31790104249315654,False,Low,Allocation within the normal range
426,Uttar Pradesh,SHASHANK MANI,DEORIA,147000000.0,Lok Sabha,-6469655.581549823,-4.215592689664971,151396954.685,-4396954.685000002,-2.9042556992962028,-0.31790104249315654,False,Low,Allocation within the normal range
427,West Bengal,Shatrughan Sinha,ASANSOL,147000000.0,Lok Sabha,-6469655.581549823,-4.215592689664971,152174601.41190475,-5174601.411904752,-3.4004369743004554,-0.31790104249315654,False,Low,Allocation within the normal range
428,Punjab,SHER SINGH GHUBAYA,FIROZPUR,147000000.0,Lok Sabha,-6469655.581549823,-4.215592689664971,148385527.54999998,-1385527.5499999821,-0.9337349624835312,-0.31790104249315654,False,Low,Allocation within the normal range
429,Madhya Pradesh,SHIVMANGAL SINGH TOMAR,MORENA,147000000.0,Lok Sabha,-6469655.581549823,-4.215592689664971,152774885.2689655,-5774885.2689655125,-3.7799964691831547,-0.31790104249315654,False,Low,Allocation within the normal range
430,Madhya Pradesh,SHIVRAJ SINGH CHOUHAN,VIDISHA,147000000.0,Lok Sabha,-6469655.581549823,-4.215592689664971,152774885.2689655,-5774885.2689655125,-3.7799964691831547,-0.31790104249315654,False,Low,Allocation within the normal range
431,Karnataka,SHOBHA KARANDLAJE,BANGALORE NORTH,147000000.0,Lok Sabha,-6469655.581549823,-4.215592689664971,152575121.975,-5575121.974999994,-3.654017708020249,-0.31790104249315654,False,Low,Allocation within the normal range
432,Gujarat,SHOBHANABEN MAHENDRASINH BARAIYA,SABARKANTHA,147000000.0,Lok Sabha,-6469655.581549823,-4.215592689664971,147960286.90384614,-960286.9038461447,-0.6490166543609092,-0.31790104249315654,False,Low,Allocation within the normal range
433,Karnataka,SHREYAS. M. PATEL,HASSAN,147000000.0,Lok Sabha,-6469655.581549823,-4.215592689664971,152575121.975,-5575121.974999994,-3.654017708020249,-0.31790104249315654,False,Low,Allocation within the normal range
434,Haryana,Shri  Dharambir Singh,BHIWANI MAHENDRAGARH,147000000.0,Lok Sabha,-6469655.581549823,-4.215592689664971,157845426.4,-10845426.400000006,-6.870915836684645,-0.31790104249315654,False,Low,Allocation within the normal range
435,West Bengal,Shri Abhishek Banerjee,DIAMOND HARBOUR,147000000.0,Lok Sabha,-6469655.581549823,-4.215592689664971,152174601.41190475,-5174601.411904752,-3.4004369743004554,-0.31790104249315654,False,Low,Allocation within the normal range
436,Punjab,Shri Amar Singh,FATEHGARH SAHIB(SC),147000000.0,Lok Sabha,-6469655.581549823,-4.215592689664971,148385527.54999998,-1385527.5499999821,-0.9337349624835312,-0.31790104249315654,False,Low,Allocation within the normal range
437,Gujarat,Shri Amit Shah,GANDHINAGAR,147000000.0,Lok Sabha,-6469655.581549823,-4.215592689664971,147960286.90384614,-960286.9038461447,-0.6490166543609092,-0.31790104249315654,False,Low,Allocation within the normal range
438,Madhya Pradesh,Shri Anil Firojiya,UJJAIN(SC),147000000.0,Lok Sabha,-6469655.581549823,-4.215592689664971,152774885.2689655,-5774885.2689655125,-3.7799964691831547,-0.31790104249315654,False,Low,Allocation within the normal range
439,Rajasthan,Shri Arjun Ram Meghwal,BIKANER(SC),147000000.0,Lok Sabha,-6469655.581549823,-4.215592689664971,150702941.792,-3702941.7919999957,-2.4571131445534697,-0.31790104249315654,False,Low,Allocation within the normal range
440,Uttar Pradesh,Shri Arun Kumar Sagar,SHAHJAHANPUR(SC),147000000.0,Lok Sabha,-6469655.581549823,-4.215592689664971,151396954.685,-4396954.685000002,-2.9042556992962028,-0.31790104249315654,False,Low,Allocation within the normal range
441,Karnataka,Shri B Y Raghavendra,SHIMOGA,147000000.0,Lok Sabha,-6469655.581549823,-4.215592689664971,152575121.975,-5575121.974999994,-3.654017708020249,-0.31790104249315654,False,Low,Allocation within the normal range
442,Kerala,Shri Benny Behanan,CHALAKUDY,164674770.1,Lok Sabha,11205114.51845017,7.301192197239318,155543716.29500002,9131053.804999977,5.870409954512253,0.5505884419611095,False,Low,Allocation within the normal range
443,Odisha,Shri Bhartruhari Mahtab,CUTTACK,147000000.0,Lok Sabha,-6469655.581549823,-4.215592689664971,156611942.37619048,-9611942.376190484,-6.137426195188915,-0.31790104249315654,False,Low,Allocation within the normal range
444,Jharkhand,Shri Chandra Prakash Choudhary,GIRIDIH,147000000.0,Lok Sabha,-6469655.581549823,-4.215592689664971,151022598.80714285,-4022598.8071428537,-2.6635740868687785,-0.31790104249315654,False,Low,Allocation within the normal range
445,West Bengal,Shri Deepak (Dev) Adhikari,GHATAL,200747364.0,Lok Sabha,47277708.41845018,30.805899862939366,152174601.41190475,48572762.58809525,31.919099598374473,2.3230962766819196,False,Medium,Allocation moderately above the normal range
446,Punjab,Shri Gurjeet Singh Aujla,AMRITSAR,147000000.0,Lok Sabha,-6469655.581549823,-4.215592689664971,148385527.54999998,-1385527.5499999821,-0.9337349624835312,-0.31790104249315654,False,Low,Allocation within the normal range
447,Rajasthan,Shri Hanuman Beniwal,NAGAUR,147000000.0,Lok Sabha,-6469655.581549823,-4.215592689664971,150702941.792,-3702941.7919999957,-2.4571131445534697,-0.31790104249315654,False,Low,Allocation within the normal range
448,Kerala,Shri Hibi Eden,ERNAKULAM,162177260.1,Lok Sabha,8707604.51845017,5.673828148928877,155543716.29500002,6633543.804999977,4.264745605292712,0.42786768463033237,False,Low,Allocation within the normal range
449,Bihar,Shri Janardan Singh Sigriwal,MAHARAJGANJ_BR,147000000.0,Lok Sabha,-6469655.581549823,-4.215592689664971,149986563.07,-2986563.069999993,-1.9912204192625835,-0.31790104249315654,False,Low,Allocation within the normal range
450,Odisha,Shri Jual Oram,SUNDARGARH (ST),173096756.9,Lok Sabha,19627101.318450183,12.788913381004393,156611942.37619048,16484814.523809522,10.525898774827844,0.964421659175779,False,Low,Allocation within the normal range
451,Jammu And Kashmir,Shri Jugal Kishore Sharma,JAMMU,147000000.0,Lok Sabha,-6469655.581549823,-4.215592689664971,148554694.42000002,-1554694.4200000167,-1.0465468129903186,-0.31790104249315654,False,Low,Allocation within the normal range
452,West Bengal,Shri Jyotirmay Singh Mahato,PURULIA,147000000.0,Lok Sabha,-6469655.581549823,-4.215592689664971,152174601.41190475,-5174601.411904752,-3.4004369743004554,-0.31790104249315654,False,Low,Allocation within the normal range
453,Tamil Nadu,Shri Karti P Chidambaram,SIVAGANGA,159049284.1,Lok Sabha,5579628.518450171,3.635655854772737,157396760.24871793,1652523.8512820601,1.0499096986943992,0.2741675658590383,False,Low,Allocation within the normal range
454,Kerala,Shri Kumbakudi Sudhakaran,KANNUR,147000000.0,Lok Sabha,-6469655.581549823,-4.215592689664971,155543716.29500002,-8543716.295000017,-5.492807101764391,-0.31790104249315654,False,Low,Allocation within the normal range
455,Karnataka,Shri LS Tejasvi Surya,BANGALORE SOUTH,147000000.0,Lok Sabha,-6469655.581549823,-4.215592689664971,152575121.975,-5575121.974999994,-3.654017708020249,-0.31790104249315654,False,Low,Allocation within the normal range
456,Kerala,Shri M K Raghavan,KOZHIKODE,147000000.0,Lok Sabha,-6469655.581549823,-4.215592689664971,155543716.29500002,-8543716.295000017,-5.492807101764391,-0.31790104249315654,False,Low,Allocation within the normal range
457,Uttar Pradesh,Shri Narendra Modi,VARANASI,162070276.1,Lok Sabha,8600620.51845017,5.604117951434395,151396954.685,10673321.414999992,7.049891747959627,0.42261078575814537,False,Low,Allocation within the normal range
458,Kerala,Shri NK Premachandran,KOLLAM,171477994.1,Lok Sabha,18008338.51845017,11.734136269616506,155543716.29500002,15934277.804999977,10.244243987831341,0.8848801170979131,False,Low,Allocation within the normal range
459,Rajasthan,Shri PP Chaudhary,PALI,147000000.0,Lok Sabha,-6469655.581549823,-4.215592689664971,150702941.792,-3702941.7919999957,-2.4571131445534697,-0.31790104249315654,False,Low,Allocation within the normal range
460,Kerala,Shri Rajmohan Unnithan,KASARAGOD,156754633.1,Lok Sabha,3284977.5184501708,2.1404736369559507,155543716.29500002,1210916.8049999774,0.7785057692098504,0.16141474063318334,False,Low,Allocation within the normal range
461,Assam,Shri Sarbananda Sonowal (18LS),DIBRUGARH,147000000.0,Lok Sabha,-6469655.581549823,-4.215592689664971,143592868.3642857,3407131.6357142925,2.3727721818820573,-0.31790104249315654,False,Low,Allocation within the normal range
462,Uttar Pradesh,Shri Satish Kumar Gautam,ALIGARH,147000000.0,Lok Sabha,-6469655.581549823,-4.215592689664971,151396954.685,-4396954.685000002,-2.9042556992962028,-0.31790104249315654,False,Low,Allocation within the normal range
463,West Bengal,Shri Shantanu Thakur,BANGAON(SC),147000000.0,Lok Sabha,-6469655.581549823,-4.215592689664971,152174601.41190475,-5174601.411904752,-3.4004369743004554,-0.31790104249315654,False,Low,Allocation within the normal range
464,Madhya Pradesh,Shri Sudheer Gupta,MANDSOUR,148988014.8,Lok Sabha,-4481640.781549811,-2.920212966248812,152774885.2689655,-3786870.4689655006,-2.4787257815959625,-0.22021547493154725,False,Low,Allocation within the normal range
465,Kerala,Shri Suresh Kodikunnil,MAVELIKKARA(SC),172429519.1,Lok Sabha,18959863.51845017,12.35414482856866,155543716.29500002,16885802.804999977,10.855985190025176,0.9316354328400595,False,Low,Allocation within the normal range
466,Arunachal Pradesh,Shri Tapir Gao,ARUNACHAL EAST,147000000.0,Lok Sabha,-6469655.581549823,-4.215592689664971,147000000.0,0.0,0.0,-0.31790104249315654,False,Low,Allocation within the normal range
467,Tamil Nadu,Shri vijayakumar Vasanth,KANNIYAKUMARI,171500000.0,Lok Sabha,18030344.418450177,11.748475195390867,157396760.24871793,14103239.751282066,8.960311336139426,0.885961426367444,False,Low,Allocation within the normal range
468,Maharashtra,Shrikant Eknath Shinde,KALYAN,147000000.0,Lok Sabha,-6469655.581549823,-4.215592689664971,152964272.72708333,-5964272.727083325,-3.8991279602425175,-0.31790104249315654,False,Low,Allocation within the normal range
469,Maharashtra,SHRIMANT CHH UDAYANRAJE PRATAPSINHAMAHARAJ BHONSLE,SATARA,147000000.0,Lok Sabha,-6469655.581549823,-4.215592689664971,152964272.72708333,-5964272.727083325,-3.8991279602425175,-0.31790104249315654,False,Low,Allocation within the normal range
470,Goa,Shripad Yesso Naik,NORTH GOA,147000000.0,Lok Sabha,-6469655.581549823,-4.215592689664971,147000000.0,0.0,0.0,-0.31790104249315654,False,Low,Allocation within the normal range
471,Maharashtra,Shrirang Appa Barne,MAVAL,147000000.0,Lok Sabha,-6469655.581549823,-4.215592689664971,152964272.72708333,-5964272.727083325,-3.8991279602425175,-0.31790104249315654,False,Low,Allocation within the normal range
472,Maharashtra,Shyamkumar,RAMTEK(SC),147000000.0,Lok Sabha,-6469655.581549823,-4.215592689664971,152964272.72708333,-5964272.727083325,-3.8991279602425175,-0.31790104249315654,False,Low,Allocation within the normal range
473,Andhra Pradesh,Sivanath Kesineni,VIJAYAWADA,147000000.0,Lok Sabha,-6469655.581549823,-4.215592689664971,161915109.28,-14915109.280000001,-9.211684657672857,-0.31790104249315654,False,Low,Allocation within the normal range
474,West Bengal,SK NURUL ISLAM,BASIRHAT,49000000.0,Lok Sabha,-104469655.58154982,-68.07186422988832,152174601.41190475,-103174601.41190475,-67.80014565810015,-5.133350917935559,True,High,Allocation significantly below the normal range
475,Maharashtra,SMITA UDAY WAGH,JALGAON,148107373.1,Lok Sabha,-5362282.481549829,-3.494034349155394,152964272.72708333,-4856899.627083331,-3.175185643348851,-0.2634877806925112,False,Low,Allocation within the normal range
476,Uttar Pradesh,Smt Anupriya Patel,MIRZAPUR,147000000.0,Lok Sabha,-6469655.581549823,-4.215592689664971,151396954.685,-4396954.685000002,-2.9042556992962028,-0.31790104249315654,False,Low,Allocation within the normal range
477,Odisha,Smt Aparajita Sarangi,BHUBANESWAR,147420861.4,Lok Sabha,-6048794.181549817,-3.941361670897635,156611942.37619048,-9191080.976190478,-5.868697390977373,-0.2972210733481714,False,Low,Allocation within the normal range
478,Uttar Pradesh,Smt Dimple Yadav,MAINPURI,192042469.1,Lok Sabha,38572813.51845017,25.133837286781148,151396954.685,40645514.41499999,26.84698282047217,1.895361735233509,False,Low,Allocation within the normal range
479,Punjab,Smt Harsimrat Kaur Badal,BHATINDA,159775982.4,Lok Sabha,6306326.818450183,4.109168548370894,148385527.54999998,11390454.850000024,7.676257272571206,0.3098755172694389,False,Low,Allocation within the normal range
480,Uttar Pradesh,Smt Hema Malini,MATHURA,147000000.0,Lok Sabha,-6469655.581549823,-4.215592689664971,151396954.685,-4396954.685000002,-2.9042556992962028,-0.31790104249315654,False,Low,Allocation within the normal range
481,Madhya Pradesh,Smt Himadri Singh,SHAHDOL (ST),150724861.1,Lok Sabha,-2744794.4815498292,-1.7884932830199232,152774885.2689655,-2050024.1689655185,-1.3418594066402862,-0.13487163514585834,False,Low,Allocation within the normal range
482,Gujarat,Smt Poonamben Hematbhai Maadam,JAMNAGAR,147000000.0,Lok Sabha,-6469655.581549823,-4.215592689664971,147960286.90384614,-960286.9038461447,-0.6490166543609092,-0.31790104249315654,False,Low,Allocation within the normal range
483,Maharashtra,Smt Raksha Nikhil Khadse,RAVER,153112586.1,Lok Sabha,-357069.48154982924,-0.2326645486997211,152964272.72708333,148313.37291666865,0.09695948620714018,-0.017545410106667433,False,Low,Allocation within the normal range
484,Tamil Nadu,Smt S Jothimani,KARUR,147000000.0,Lok Sabha,-6469655.581549823,-4.215592689664971,157396760.24871793,-10396760.248717934,-6.605447426166207,-0.31790104249315654,False,Low,Allocation within the normal range
485,West Bengal,Smt Sajda Ahmed,ULUBERIA,147000000.0,Lok Sabha,-6469655.581549823,-4.215592689664971,152174601.41190475,-5174601.411904752,-3.4004369743004554,-0.31790104249315654,False,Low,Allocation within the normal range
486,Madhya Pradesh,Smt Sandhya Ray,BHIND(SC),147000000.0,Lok Sabha,-6469655.581549823,-4.215592689664971,152774885.2689655,-5774885.2689655125,-3.7799964691831547,-0.31790104249315654,False,Low,Allocation within the normal range
487,Odisha,Smt Sangeeta Kumari Singh Deo,BOLANGIR,147000000.0,Lok Sabha,-6469655.581549823,-4.215592689664971,156611942.37619048,-9611942.376190484,-6.137426195188915,-0.31790104249315654,False,Low,Allocation within the normal range
488,West Bengal,Smt Satabdi Roy (Banerjee),BIRBHUM,147000000.0,Lok Sabha,-6469655.581549823,-4.215592689664971,152174601.41190475,-5174601.411904752,-3.4004369743004554,-0.31790104249315654,False,Low,Allocation within the normal range
489,Maharashtra,Smt Supriya Sadanand Sule,BARAMATI,147000000.0,Lok Sabha,-6469655.581549823,-4.215592689664971,152964272.72708333,-5964272.727083325,-3.8991279602425175,-0.31790104249315654,False,Low,Allocation within the normal range
490,Bihar,Smt Veena Devi,VAISHALI,147000000.0,Lok Sabha,-6469655.581549823,-4.215592689664971,149986563.07,-2986563.069999993,-1.9912204192625835,-0.31790104249315654,False,Low,Allocation within the normal range
491,Andhra Pradesh,Sribharat MathuKumli,VISAKHAPATNAM,164841922.0,Lok Sabha,11372266.418450177,7.4101074739216095,161915109.28,2926812.719999999,1.8076217426618648,0.5588018255941196,False,Low,Allocation within the normal range
492,Bihar,SUDAMA PRASAD,ARRAH,147000000.0,Lok Sabha,-6469655.581549823,-4.215592689664971,149986563.07,-2986563.069999993,-1.9912204192625835,-0.31790104249315654,False,Low,Allocation within the normal range
493,Tamil Nadu,SUDHA R,MAYILADUTHURAI,147332315.1,Lok Sabha,-6137340.481549829,-3.999057962496439,157396760.24871793,-10064445.14871794,-6.394315316791864,-0.30157199446353816,False,Low,Allocation within the normal range
494,Bihar,SUDHAKAR SINGH,BUXAR,185211956.5,Lok Sabha,31742300.918450177,20.68311210979628,149986563.07,35225393.43000001,23.485699457997463,1.559729173510267,False,Low,Allocation within the normal range
495,West Bengal,Sudip Bandyopadhyay,KOLKATA UTTAR,147000000.0,Lok Sabha,-6469655.581549823,-4.215592689664971,152174601.41190475,-5174601.411904752,-3.4004369743004554,-0.31790104249315654,False,Low,Allocation within the normal range
496,Odisha,SUKANTA KUMAR PANIGRAHI,KANDHAMAL,190712424.1,Lok Sabha,37242768.51845017,24.267187136977917,156611942.37619048,34100481.72380951,21.773870629800555,1.8300069900336846,False,Low,Allocation within the normal range
497,Jharkhand,SUKHDEO BHAGAT,LOHARDAGA(ST),171821957.1,Lok Sabha,18352301.51845017,11.958260705614363,151022598.80714285,20799358.29285714,13.772348282403811,0.9017815108275743,False,Low,Allocation within the normal range
498,Punjab,SUKHJINDER SINGH RANDHAWA,GURDASPUR,147000000.0,Lok Sabha,-6469655.581549823,-4.215592689664971,148385527.54999998,-1385527.5499999821,-0.9337349624835312,-0.31790104249315654,False,Low,Allocation within the normal range
499,Karnataka,SUNIL BOSE,CHAMARAJANAGAR(SC),147000000.0,Lok Sabha,-6469655.581549823,-4.215592689664971,152575121.975,-5575121.974999994,-3.654017708020249,-0.31790104249315654,False,Low,Allocation within the normal range
500,Maharashtra,Sunil Dattatray Tatkare,RAIGAD,147000000.0,Lok Sabha,-6469655.581549823,-4.215592689664971,152964272.72708333,-5964272.727083325,-3.8991279602425175,-0.31790104249315654,False,Low,Allocation within the normal range
501,Bihar,Sunil Kumar,VALMIKI NAGAR,147000000.0,Lok Sabha,-6469655.581549823,-4.215592689664971,149986563.07,-2986563.069999993,-1.9912204192625835,-0.31790104249315654,False,Low,Allocation within the normal range
502,Bihar,SURENDRA PRASAD YADAV,JAHANABAD,155325714.0,Lok Sabha,1856058.4184501767,1.2093976567660407,149986563.07,5339150.930000007,3.5597528343310194,0.0912015946932625,False,Low,Allocation within the normal range
503,Kerala,SURESH GOPI,THRISSUR,147000000.0,Lok Sabha,-6469655.581549823,-4.215592689664971,155543716.29500002,-8543716.295000017,-5.492807101764391,-0.31790104249315654,False,Low,Allocation within the normal range
504,Himachal Pradesh,Suresh Kumar Kashyap,SHIMLA (SC),153563957.1,Lok Sabha,94301.51845017076,0.06144636090621925,157380760.325,-3816803.224999994,-2.425203193273488,0.004633716686478614,False,Low,Allocation within the normal range
505,Telangana,SURESH KUMAR SHETKAR,ZAHIRABAD,147000000.0,Lok Sabha,-6469655.581549823,-4.215592689664971,173163189.8352941,-26163189.835294098,-15.108978911845803,-0.31790104249315654,False,Low,Allocation within the normal range
506,Uttar Pradesh,Swami Sachchidanandhari Sakshi ji Maharaj,UNNAO,147000000.0,Lok Sabha,-6469655.581549823,-4.215592689664971,151396954.685,-4396954.685000002,-2.9042556992962028,-0.31790104249315654,False,Low,Allocation within the normal range
507,Tamil Nadu,T Sumathy (A) Thamizhachi Thangapandian,CHENNAI SOUTH,147000000.0,Lok Sabha,-6469655.581549823,-4.215592689664971,157396760.24871793,-10396760.248717934,-6.605447426166207,-0.31790104249315654,False,Low,Allocation within the normal range
508,Andhra Pradesh,TANGELLA UDAY SRINIVAS,KAKINADA,199417886.8,Lok Sabha,45948231.21845019,29.939619688554313,161915109.28,37502777.52000001,23.16199994352992,2.2577694316090273,False,Medium,Allocation moderately above the normal range
509,Uttar Pradesh,TANUJ PUNIA,BARABANKI(SC),148198170.1,Lok Sabha,-5271485.481549829,-3.4348715135733774,151396954.685,-3198784.5850000083,-2.112846055361862,-0.2590262663829139,False,Low,Allocation within the normal range
510,Bihar,TARIQ ANWAR,KATIHAR,147000000.0,Lok Sabha,-6469655.581549823,-4.215592689664971,149986563.07,-2986563.069999993,-1.9912204192625835,-0.31790104249315654,False,Low,Allocation within the normal range
511,Tamil Nadu,Thalikkottai Rajuthevar Baalu,SRIPERUMBUDUR,196905535.1,Lok Sabha,43435879.51845017,28.30258486855694,157396760.24871793,39508774.85128206,25.101390135889968,2.134319394049511,False,Medium,Allocation moderately above the normal range
512,Tamil Nadu,THANGA TAMILSELVAN,THENI,147000000.0,Lok Sabha,-6469655.581549823,-4.215592689664971,157396760.24871793,-10396760.248717934,-6.605447426166207,-0.31790104249315654,False,Low,Allocation within the normal range
513,Tamil Nadu,THARANIVENTHAN M S,ARANI,168337124.4,Lok Sabha,14867468.818450183,9.687562510068965,157396760.24871793,10940364.151282072,6.950819149005443,0.7305464374484667,False,Low,Allocation within the normal range
514,Tamil Nadu,Thiru Dayanidhi Maran,CHENNAI CENTRAL,147000000.0,Lok Sabha,-6469655.581549823,-4.215592689664971,157396760.24871793,-10396760.248717934,-6.605447426166207,-0.31790104249315654,False,Low,Allocation within the normal range
515,Tamil Nadu,Thirumaa Valavan Thol,CHIDAMBARAM(SC),147000000.0,Lok Sabha,-6469655.581549823,-4.215592689664971,157396760.24871793,-10396760.248717934,-6.605447426166207,-0.31790104249315654,False,Low,Allocation within the normal range
516,Chhattisgarh,TOKHAN SAHU,BILASPUR,147000000.0,Lok Sabha,-6469655.581549823,-4.215592689664971,151974517.4090909,-4974517.409090906,-3.273257578900749,-0.31790104249315654,False,Low,Allocation within the normal range
517,Uttarakhand,TRIVENDRA SINGH RAWAT,HARDWAR,147000000.0,Lok Sabha,-6469655.581549823,-4.215592689664971,147000000.0,0.0,0.0,-0.31790104249315654,False,Low,Allocation within the normal range
518,Uttar Pradesh,UJJWAL RAMAN SINGH,ALLAHABAD,147000000.0,Lok Sabha,-6469655.581549823,-4.215592689664971,151396954.685,-4396954.685000002,-2.9042556992962028,-0.31790104249315654,False,Low,Allocation within the normal range
519,Rajasthan,UMMEDA RAM BENIWAL,BARMER,147000000.0,Lok Sabha,-6469655.581549823,-4.215592689664971,150702941.792,-3702941.7919999957,-2.4571131445534697,-0.31790104249315654,False,Low,Allocation within the normal range
520,Uttar Pradesh,UTKARSH VERMA MADHUR,KHERI,147000000.0,Lok Sabha,-6469655.581549823,-4.215592689664971,151396954.685,-4396954.685000002,-2.9042556992962028,-0.31790104249315654,False,Low,Allocation within the normal range
521,Tamil Nadu,V S Matheswaran,NAMAKKAL,162539930.1,Lok Sabha,9070274.51845017,5.910141965250232,157396760.24871793,5143169.85128206,3.2676465787191784,0.44568828877652317,False,Low,Allocation within the normal range
522,Karnataka,V. SOMANNA,TUMKUR,147000000.0,Lok Sabha,-6469655.581549823,-4.215592689664971,152575121.975,-5575121.974999994,-3.654017708020249,-0.31790104249315654,False,Low,Allocation within the normal range
523,Puducherry,Vaithilingam Ve,Puducherry,209368972.1,Lok Sabha,55899316.51845017,36.42369320933721,209368972.1,0.0,0.0,2.7467383343478193,False,Medium,Allocation moderately above the normal range
524,Telangana,VAMSI KRISHNA GADDAM,PEDDAPALLE,148451721.1,Lok Sabha,-5017934.481549829,-3.26965904923363,173163189.8352941,-24711468.735294104,-14.27062458181711,-0.24656746912405367,False,Low,Allocation within the normal range
525,Haryana,VARUN CHAUDHRY,AMBALA (SC),255454264.0,Lok Sabha,101984608.41845018,66.45262089889698,157845426.4,97608837.6,61.83824253016177,5.011242550057838,True,High,Allocation significantly above the normal range
526,Kerala,Vellalath Kochukrishnan Nair Sreekandan,PALAKKAD,167807990.1,Lok Sabha,14338334.51845017,9.342781453517466,155543716.29500002,12264273.804999977,7.884776124121842,0.7045462364379834,False,Low,Allocation within the normal range
527,Chhattisgarh,Vijay Baghel,DURG,147000000.0,Lok Sabha,-6469655.581549823,-4.215592689664971,151974517.4090909,-4974517.409090906,-3.273257578900749,-0.31790104249315654,False,Low,Allocation within the normal range
528,Uttar Pradesh,Vijay Kumar Dubey,KUSHI NAGAR,148900000.0,Lok Sabha,-4569655.581549823,-2.977562935313702,151396954.685,-2496954.6850000024,-1.6492766913279227,-0.22454027960192627,False,Low,Allocation within the normal range
529,Jharkhand,Vijay Kumar Hansdak,RAJMAHAL(ST),147223957.1,Lok Sabha,-6245698.481549829,-4.069663450981699,151022598.80714285,-3798641.7071428597,-2.515280320393478,-0.3068964079084686,False,Low,Allocation within the normal range
530,Bihar,VIJAYLAKSHMI DEVI,SIWAN,147000000.0,Lok Sabha,-6469655.581549823,-4.215592689664971,149986563.07,-2986563.069999993,-1.9912204192625835,-0.31790104249315654,False,Low,Allocation within the normal range
531,Gujarat,Vinod Chavda,KACHCHH(SC),147000000.0,Lok Sabha,-6469655.581549823,-4.215592689664971,147960286.90384614,-960286.9038461447,-0.6490166543609092,-0.31790104249315654,False,Low,Allocation within the normal range
532,Uttar Pradesh,VINOD KUMAR BIND,BHADOHI,147000000.0,Lok Sabha,-6469655.581549823,-4.215592689664971,151396954.685,-4396954.685000002,-2.9042556992962028,-0.31790104249315654,False,Low,Allocation within the normal range
533,Madhya Pradesh,Virendra Kumar,TIKAMGARH(SC),147000000.0,Lok Sabha,-6469655.581549823,-4.215592689664971,152774885.2689655,-5774885.2689655125,-3.7799964691831547,-0.31790104249315654,False,Low,Allocation within the normal range
534,Uttar Pradesh,VIRENDRA SINGH,CHANDAULI,147000000.0,Lok Sabha,-6469655.581549823,-4.215592689664971,151396954.685,-4396954.685000002,-2.9042556992962028,-0.31790104249315654,False,Low,Allocation within the normal range
535,Maharashtra,VISHAL,SANGLI,147000000.0,Lok Sabha,-6469655.581549823,-4.215592689664971,152964272.72708333,-5964272.727083325,-3.8991279602425175,-0.31790104249315654,False,Low,Allocation within the normal range
536,Jharkhand,Vishnu Dayal Ram,PALAMU(SC),158176083.1,Lok Sabha,4706427.518450171,3.0666827918625885,151022598.80714285,7153484.29285714,4.736697917635626,0.2312608755867303,False,Low,Allocation within the normal range
537,Madhya Pradesh,Vishnu Dutt Sharma,KHAJURAHO,147000000.0,Lok Sabha,-6469655.581549823,-4.215592689664971,152774885.2689655,-5774885.2689655125,-3.7799964691831547,-0.31790104249315654,False,Low,Allocation within the normal range
538,Karnataka,VISHWESHWAR HEGDE KAGERI,UTTARA KANNADA,147000000.0,Lok Sabha,-6469655.581549823,-4.215592689664971,152575121.975,-5575121.974999994,-3.654017708020249,-0.31790104249315654,False,Low,Allocation within the normal range
539,Bihar,VIVEK THAKUR,NAWADA,147000000.0,Lok Sabha,-6469655.581549823,-4.215592689664971,149986563.07,-2986563.069999993,-1.9912204192625835,-0.31790104249315654,False,Low,Allocation within the normal range
540,Andhra Pradesh,Y S Avinash Reddy,KADAPA,156430260.1,Lok Sabha,2960604.5184501708,1.9291139393200645,161915109.28,-5484849.180000007,-3.3874844691084696,0.14547594550617438,False,Low,Allocation within the normal range
541,Karnataka,YADUVEER KRISHNADATTA CHAMARAJA WADIYAR,MYSORE,147000000.0,Lok Sabha,-6469655.581549823,-4.215592689664971,152575121.975,-5575121.974999994,-3.654017708020249,-0.31790104249315654,False,Low,Allocation within the normal range
542,Delhi,Yogendra Chandoliya,NORTH WEST DELHI(SC),147876307.0,Lok Sabha,-5593348.581549823,-3.6445957739037618,159598660.2857143,-11722353.285714298,-7.344894540298073,-0.27484173194214323,False,Low,Allocation within the normal range
543,Uttar Pradesh,ZIA UR REHMAN,SAMBHAL,147000000.0,Lok Sabha,-6469655.581549823,-4.215592689664971,151396954.685,-4396954.685000002,-2.9042556992962028,-0.31790104249315654,False,Low,Allocation within the normal range
